date, pm25, pm10, o3, no2, so2, co
2020/4/2, 23, 17, , 5, , 1
2020/4/3, 23, 10, , 4, , 1
2020/4/4, 17, 11, , 3, , 2
2020/4/5, 19, 32, , 3, , 1
2020/4/6, 39, 21, , 5, , 2
2020/4/7, 28, 20, , 6, , 1
2020/4/8, 23, , , , , 
2020/3/2, 27, 15, , 6, , 
2020/3/3, 26, 11, , 3, , 
2020/3/4, 20, 15, , 4, , 
2020/3/5, 24, 19, , 4, , 
2020/3/6, 26, 19, , 6, , 1
2020/3/7, 26, 19, , 4, , 
2020/3/8, 22, 19, , 2, , 
2020/3/9, 28, 13, , 5, , 1
2020/3/10, 22, 9, , 6, , 1
2020/3/11, 17, 18, , 5, , 
2020/3/12, 21, 11, , 5, , 
2020/3/13, 17, 16, , 5, , 1
2020/3/14, 23, 19, , 4, , 
2020/3/15, 19, 10, , 2, , 
2020/3/16, 14, 22, , 5, , 2
2020/3/17, 25, 22, , 5, , 2
2020/3/18, 23, 26, , 5, , 2
2020/3/19, 24, 17, , 5, , 2
2020/3/20, 23, 16, , 6, , 2
2020/3/21, 23, 19, , 3, , 2
2020/3/22, 29, 23, , 3, , 1
2020/3/23, 38, 27, , 5, , 2
2020/3/24, 33, 21, , 5, , 1
2020/3/25, 28, 15, , 5, , 2
2020/3/26, 20, 23, , 5, , 2
2020/3/27, 23, 15, , 5, , 2
2020/3/28, 20, 15, , 2, , 1
2020/3/29, 21, 9, , 2, , 1
2020/3/30, 17, 12, , 4, , 2
2020/3/31, 19, 14, , 5, , 1
2020/4/1, 23, 20, , 6, , 1
2020/2/2, 23, 11, , 2, , 
2020/2/3, 21, 17, , 3, , 1
2020/2/4, 27, 17, , 5, , 1
2020/2/5, 35, 20, , 5, , 1
2020/2/6, 37, 9, , 7, , 1
2020/2/7, 18, 11, , 4, , 
2020/2/8, 22, 11, , 2, , 
2020/2/9, 20, 10, , 3, , 
2020/2/10, 19, 13, , 5, , 1
2020/2/11, 22, 13, , 6, , 1
2020/2/12, 23, 11, , 5, , 1
2020/2/13, 18, 7, , 5, , 1
2020/2/14, 14, 16, , 5, , 1
2020/2/15, 23, 14, , 3, , 
2020/2/16, 26, 13, , 3, , 
2020/2/17, 25, 14, , 3, , 1
2020/2/18, 22, 13, , 4, , 1
2020/2/19, 21, 14, , 4, , 1
2020/2/20, 22, 43, , 7, , 1
2020/2/21, 47, 22, , 6, , 1
2020/2/22, 27, 18, , 3, , 
2020/2/23, 24, 13, , 3, , 
2020/2/24, 22, 13, , 5, , 
2020/2/25, 20, 15, , 5, , 1
2020/2/26, 21, 14, , 5, , 1
2020/2/27, 21, 12, , 6, , 1
2020/2/28, 20, 16, , 7, , 1
2020/2/29, 27, 14, , 4, , 
2020/3/1, 24, 16, , 3, , 
2020/1/2, 29, 12, , 2, , 
2020/1/3, 22, 13, , 3, , 
2020/1/4, 31, 11, , 3, , 
2020/1/5, 27, 11, , 2, , 
2020/1/6, 23, 13, , 2, , 1
2020/1/7, 23, 16, , 3, , 1
2020/1/8, 32, 23, , 4, , 1
2020/1/9, 54, 27, , 4, , 1
2020/1/10, 64, 26, , 3, , 1
2020/1/11, 60, 29, , 3, , 1
2020/1/12, 59, 21, , 3, , 1
2020/1/13, 51, 26, , 5, , 1
2020/1/14, 46, 18, , 5, , 1
2020/1/15, 32, 14, , 3, , 1
2020/1/16, 28, 18, , 5, , 1
2020/1/17, 37, 18, , 4, , 1
2020/1/18, 35, 9, , 3, , 1
2020/1/19, 16, 13, , 3, , 1
2020/1/20, 25, 20, , 4, , 1
2020/1/21, 35, 21, , 6, , 1
2020/1/22, 37, 18, , 5, , 1
2020/1/23, 34, 16, , 3, , 1
2020/1/24, 28, 17, , 3, , 1
2020/1/25, 30, 14, , 2, , 
2020/1/26, 25, 13, , 1, , 
2020/1/27, 22, 14, , 2, , 
2020/1/28, 26, 14, , 3, , 1
2020/1/29, 22, 15, , 3, , 1
2020/1/30, 25, 16, , 3, , 
2020/1/31, 22, 16, , 4, , 1
2020/2/1, 20, 14, , 3, , 
2019/10/2, 32, 15, , , , 
2019/10/3, 26, 14, , , , 
2019/10/4, 22, 13, , , , 
2019/10/5, 20, 13, , , , 
2019/10/6, 23, 18, , , , 
2019/10/7, 34, 14, , , , 
2019/10/8, 28, 20, , , , 
2019/10/9, 44, , , , , 
2019/10/14, 17, 11, , , , 
2019/10/15, 20, 16, , , , 
2019/10/16, 27, 17, , , , 
2019/10/17, 30, 21, , , , 
2019/10/18, 33, 30, , , , 
2019/10/19, 42, 24, , , , 
2019/10/20, 42, 23, , , , 
2019/10/21, 45, 18, , , , 
2019/10/22, 27, 11, , , , 
2019/10/23, 18, 12, , , , 
2019/10/24, 20, 12, , , , 
2019/10/25, 20, 12, , , , 
2019/10/26, 22, 13, , , , 
2019/10/27, 25, 22, , , , 
2019/10/28, 36, 30, , , , 
2019/10/29, 42, 22, , , , 
2019/10/30, 33, 18, , , , 
2019/10/31, 33, 14, , , , 
2019/11/1, 22, 14, , , , 
2019/11/2, 23, 15, , , , 
2019/11/3, 27, 16, , , , 
2019/11/4, 29, 18, , , , 
2019/11/5, 33, 24, , , , 
2019/11/6, 30, 24, , , , 
2019/11/7, 52, 19, , , , 
2019/11/8, 39, 33, , , , 
2019/11/9, 54, 96, , , , 
2019/11/10, 117, 55, , , , 
2019/11/11, 118, 92, , , , 
2019/11/12, 183, 32, , , , 
2019/11/13, 55, 48, , , , 
2019/11/14, 84, 42, , , , 
2019/11/15, 72, 45, , , , 
2019/11/16, 90, 36, , , , 
2019/11/17, 81, 49, , , , 
2019/11/18, 114, 29, , , , 
2019/11/19, 59, 29, , , , 
2019/11/20, 63, 28, , , , 
2019/11/21, 62, 32, , , , 
2019/11/22, 78, 16, , , , 
2019/11/23, 26, 17, , , , 
2019/11/24, 33, 21, , , , 
2019/11/25, 44, 17, , , , 
2019/11/26, 28, 21, , , , 
2019/11/27, 34, 49, , , , 
2019/11/28, 71, 41, , , , 
2019/11/29, 61, 26, , , , 
2019/11/30, 41, 26, , , , 
2019/12/1, 46, 26, , , , 
2019/12/2, 53, 49, , , , 
2019/12/3, 54, 116, , , , 
2019/12/4, 98, 57, , , , 
2019/12/5, 85, 43, , , , 
2019/12/6, 83, 42, , , , 
2019/12/7, 78, 72, , , , 
2019/12/8, 162, 50, , , , 
2019/12/9, 118, 41, , , , 
2019/12/10, 83, 28, , , , 
2019/12/11, 57, 31, , , , 
2019/12/12, 63, 30, , , , 
2019/12/13, 74, 26, , , , 
2019/12/14, 62, 18, , , , 
2019/12/15, 42, 18, , , , 
2019/12/16, 43, 31, , , , 
2019/12/17, 63, 31, , , , 
2019/12/18, 46, 22, , , , 
2019/12/19, 30, 19, , , , 
2019/12/20, 30, 22, , , , 
2019/12/21, 39, 14, , , , 
2019/12/22, 26, 24, , , , 
2019/12/23, 58, 13, , , , 
2019/12/24, 35, 17, , , , 
2019/12/25, 42, 10, , , , 
2019/12/26, 26, 14, , , , 
2019/12/27, 32, 9, , , , 
2019/12/28, 17, 10, , 2, , 
2019/12/29, 18, 11, , 2, , 
2019/12/30, 20, , , , , 
2019/7/2, 33, 13, , , , 
2019/7/3, 23, 17, , , , 
2019/7/4, 30, 14, , , , 
2019/7/5, 24, 15, , , , 
2019/7/6, 25, 11, , , , 
2019/7/7, 20, 9, , , , 
2019/7/8, 19, 8, , , , 
2019/7/9, 15, 10, , , , 
2019/7/10, 19, 12, , , , 
2019/7/11, 24, 13, , , , 
2019/7/12, 27, 14, , , , 
2019/7/13, 24, 17, , , , 
2019/7/14, 30, 13, , , , 
2019/7/15, 18, 9, , , , 
2019/7/16, 14, 11, , , , 
2019/7/17, 16, 14, , , , 
2019/7/18, 23, 15, , , , 
2019/7/19, 23, 17, , , , 
2019/7/20, 34, 22, , , , 
2019/7/21, 55, 28, , , , 
2019/7/22, 72, 13, , , , 
2019/7/23, 33, 14, , , , 
2019/7/24, 32, 15, , , , 
2019/7/25, 32, 15, , , , 
2019/7/26, 26, 18, , , , 
2019/7/27, 40, 15, , , , 
2019/7/28, 30, 17, , , , 
2019/7/29, 42, 15, , , , 
2019/7/30, 35, 18, , , , 
2019/7/31, 40, 17, , , , 
2019/8/1, 40, 11, , , , 
2019/8/2, 19, 11, , , , 
2019/8/3, 18, 10, , , , 
2019/8/4, 20, 13, , , , 
2019/8/5, 32, 14, , , , 
2019/8/6, 32, 15, , , , 
2019/8/7, 33, 17, , , , 
2019/8/8, 43, 13, , , , 
2019/8/9, 31, 25, , , , 
2019/8/10, 25, 22, , , , 
2019/8/11, 21, 43, , , , 
2019/8/12, 33, 22, , , , 
2019/8/13, 21, 15, , , , 
2019/8/14, 27, 16, , , , 
2019/8/15, 38, 16, , , , 
2019/8/16, 40, 17, , , , 
2019/8/17, 39, 18, , , , 
2019/8/18, 46, 20, , , , 
2019/8/19, 48, 23, , , , 
2019/8/20, 39, 31, , , , 
2019/8/21, 32, 19, , , , 
2019/8/22, 25, 16, , , , 
2019/8/23, 15, 23, , , , 
2019/8/24, 31, 21, , , , 
2019/8/25, 36, 18, , , , 
2019/8/26, 35, 16, , , , 
2019/8/27, 33, 17, , , , 
2019/8/28, 30, 13, , , , 
2019/8/29, 24, 13, , , , 
2019/8/30, 27, 15, , , , 
2019/8/31, 35, 12, , , , 
2019/9/1, 24, 12, , , , 
2019/9/2, 26, 12, , , , 
2019/9/3, 25, 16, , , , 
2019/9/4, 27, 20, , , , 
2019/9/5, 33, 25, , , , 
2019/9/6, 35, 26, , , , 
2019/9/7, 44, 95, , , , 
2019/9/8, 79, 60, , , , 
2019/9/9, 52, 28, , , , 
2019/9/10, 24, 43, , , , 
2019/9/11, 50, 26, , , , 
2019/9/12, 52, 16, , , , 
2019/9/13, 27, 17, , , , 
2019/9/14, 31, 27, , , , 
2019/9/15, 58, 31, , , , 
2019/9/16, 65, 23, , , , 
2019/9/17, 44, 24, , , , 
2019/9/18, 47, 25, , , , 
2019/9/19, 47, 24, , , , 
2019/9/20, 42, 26, , , , 
2019/9/21, 53, 17, , , , 
2019/9/22, 42, 13, , , , 
2019/9/23, 26, 19, , , , 
2019/9/24, 43, 21, , , , 
2019/9/25, 41, 19, , , , 
2019/9/26, 31, 17, , , , 
2019/9/27, 32, 17, , , , 
2019/9/28, 34, 17, , , , 
2019/9/29, 34, 23, , , , 
2019/9/30, 50, 22, , , , 
2019/10/1, 39, 18, , , , 
2019/4/2, 35, 21, , , , 
2019/4/3, 32, 11, , , , 
2019/4/4, 25, 13, , , , 
2019/4/5, 27, 15, , , , 
2019/4/6, 25, 13, , , , 
2019/4/7, 23, 10, , , , 
2019/4/8, 27, 11, , , , 
2019/4/9, 28, 14, , , , 
2019/4/10, 29, 20, , , , 
2019/4/11, 33, 25, , , , 
2019/4/12, 36, 15, , , , 
2019/4/13, 22, 13, , , , 
2019/4/14, 21, 9, , , , 
2019/4/15, 20, 9, , , , 
2019/4/16, 21, 13, , , , 
2019/4/17, 24, 17, , , , 
2019/4/18, 27, 15, , , , 
2019/4/19, 26, 11, , , , 
2019/4/20, 24, 10, , , , 
2019/4/21, 20, 10, , , , 
2019/4/22, 21, 11, , , , 
2019/4/23, 22, 10, , , , 
2019/4/24, 21, 14, , , , 
2019/4/25, 25, 12, , , , 
2019/4/26, 23, 12, , , , 
2019/4/27, 28, 16, , , , 
2019/4/28, 33, 23, , , , 
2019/4/29, 40, 26, , , , 
2019/4/30, 41, 30, , , , 
2019/5/1, 37, 16, , , , 
2019/5/2, 30, 17, , , , 
2019/5/3, 32, 14, , , , 
2019/5/4, 33, 12, , , , 
2019/5/5, 29, 11, , , , 
2019/5/6, 29, 10, , , , 
2019/5/7, 31, 15, , , , 
2019/5/8, 42, 19, , , , 
2019/5/9, 48, 19, , , , 
2019/5/10, 47, 20, , , , 
2019/5/11, 45, 18, , , , 
2019/5/12, 30, 11, , , , 
2019/5/13, 21, 17, , , , 
2019/5/14, 34, 21, , , , 
2019/5/15, 30, 18, , , , 
2019/5/16, 28, 21, , , , 
2019/5/17, 30, 18, , , , 
2019/5/18, 28, 7, , , , 
2019/5/19, 24, , , , , 
2019/5/21, 26, 16, , , , 
2019/5/22, 29, 20, , , , 
2019/5/23, 42, 23, , , , 
2019/5/24, 37, 25, , , , 
2019/5/25, 39, 20, , , , 
2019/5/26, 41, 14, , , , 
2019/5/27, 43, 15, , , , 
2019/5/28, 41, 18, , , , 
2019/5/29, 30, 17, , , , 
2019/5/30, 28, 18, , , , 
2019/5/31, 34, 14, , , , 
2019/6/1, 28, 20, , , , 
2019/6/2, 52, 18, , , , 
2019/6/3, 51, 11, , , , 
2019/6/4, 33, 10, , , , 
2019/6/5, 24, 10, , , , 
2019/6/6, 25, 15, , , , 
2019/6/7, 36, 17, , , , 
2019/6/8, 38, 17, , , , 
2019/6/9, 40, 15, , , , 
2019/6/10, 48, 16, , , , 
2019/6/11, 47, 15, , , , 
2019/6/12, 39, 13, , , , 
2019/6/13, 26, 16, , , , 
2019/6/14, 34, 16, , , , 
2019/6/15, 34, 20, , , , 
2019/6/16, 45, 18, , , , 
2019/6/17, 49, 12, , , , 
2019/6/18, 28, 10, , , , 
2019/6/19, 17, 14, , , , 
2019/6/20, 31, 14, , , , 
2019/6/21, 27, 16, , , , 
2019/6/22, 28, 11, , , , 
2019/6/23, 19, 12, , , , 
2019/6/24, 31, 11, , , , 
2019/6/25, 23, 8, , , , 
2019/6/26, 14, 8, , , , 
2019/6/27, 16, 9, , , , 
2019/6/28, 16, 9, , , , 
2019/6/29, 16, 12, , , , 
2019/6/30, 23, 16, , , , 
2019/7/1, 36, 17, , , , 
2019/1/2, 32, 16, , , , 
2019/1/3, 29, 13, , , , 
2019/1/4, 27, 13, , , , 
2019/1/5, 27, 18, , , , 
2019/1/6, 32, 21, , , , 
2019/1/7, 36, 20, , , , 
2019/1/8, 34, 19, , , , 
2019/1/9, 33, 20, , , , 
2019/1/10, 29, 20, , , , 
2019/1/11, 32, 19, , , , 
2019/1/12, 32, 18, , , , 
2019/1/13, 29, 15, , , , 
2019/1/14, 28, 18, , , , 
2019/1/15, 29, 23, , , , 
2019/1/16, 37, 17, , , , 
2019/1/17, 31, 17, , , , 
2019/1/18, 25, 17, , , , 
2019/1/19, 30, 15, , , , 
2019/1/20, 32, 16, , , , 
2019/1/21, 39, 13, , , , 
2019/1/22, 21, 16, , , , 
2019/1/23, 27, 18, , , , 
2019/1/24, 33, 16, , , , 
2019/1/25, 29, 15, , , , 
2019/1/26, 30, 11, , , , 
2019/1/27, 22, 12, , , , 
2019/1/28, 20, 15, , , , 
2019/1/29, 28, 12, , , , 
2019/1/30, 19, 17, , , , 
2019/1/31, 24, 18, , , , 
2019/2/1, 29, 19, , , , 
2019/2/2, 27, 24, , , , 
2019/2/3, 28, 17, , , , 
2019/2/4, 24, 15, , , , 
2019/2/5, 27, 21, , , , 
2019/2/6, 28, 15, , , , 
2019/2/7, 23, 17, , , , 
2019/2/8, 28, 23, , , , 
2019/2/9, 32, 18, , , , 
2019/2/10, 33, 14, , , , 
2019/2/11, 27, 27, , , , 
2019/2/12, 38, 26, , , , 
2019/2/13, 37, 21, , , , 
2019/2/14, 37, 29, , , , 
2019/2/15, 45, 30, , , , 
2019/2/16, 35, 23, , , , 
2019/2/17, 25, 14, , , , 
2019/2/18, 21, 15, , , , 
2019/2/19, 23, 18, , , , 
2019/2/20, 28, 19, , , , 
2019/2/21, 30, 16, , , , 
2019/2/22, 21, 21, , , , 
2019/2/23, 25, 16, , , , 
2019/2/24, 22, 13, , , , 
2019/2/25, 23, 14, , , , 
2019/2/26, 27, 14, , , , 
2019/2/27, 24, 19, , , , 
2019/2/28, 25, 18, , , , 
2019/3/1, 22, 16, , , , 
2019/3/2, 25, 14, , , , 
2019/3/3, 23, 11, , , , 
2019/3/4, 24, 21, , , , 
2019/3/5, 33, 26, , , , 
2019/3/6, 34, 19, , , , 
2019/3/7, 31, 17, , , , 
2019/3/8, 34, 19, , , , 
2019/3/9, 35, 18, , , , 
2019/3/10, 34, 10, , , , 
2019/3/11, 23, 10, , , , 
2019/3/12, 25, 27, , , , 
2019/3/13, 51, 39, , , , 
2019/3/14, 61, 35, , , , 
2019/3/15, 53, 20, , , , 
2019/3/16, 44, 11, , , , 
2019/3/17, 33, 8, , , , 
2019/3/18, 25, 11, , , , 
2019/3/19, 31, 14, , , , 
2019/3/20, 35, 18, , , , 
2019/3/21, 45, 19, , , , 
2019/3/22, 47, 15, , , , 
2019/3/23, 37, 14, , , , 
2019/3/24, 36, 18, , , , 
2019/3/25, 50, 16, , , , 
2019/3/26, 41, 14, , , , 
2019/3/27, 32, 18, , , , 
2019/3/28, 46, 14, , , , 
2019/3/29, 32, 15, , , , 
2019/3/30, 31, 8, , , , 
2019/3/31, 18, 19, , , , 
2019/4/1, 31, 29, , , , 
2018/10/2, 24, 10, , , , 
2018/10/3, 19, 13, , , , 
2018/10/4, 26, 17, , , , 
2018/10/5, 30, 17, , , , 
2018/10/6, 29, 14, , , , 
2018/10/7, 35, 11, , , , 
2018/10/8, 34, 11, , , , 
2018/10/9, 29, 13, , , , 
2018/10/10, 36, 16, , , , 
2018/10/11, 41, 16, , , , 
2018/10/12, 38, 11, , , , 
2018/10/13, 24, 9, , , , 
2018/10/14, 18, 7, , , , 
2018/10/15, 18, 7, , , , 
2018/10/16, 18, 12, , , , 
2018/10/17, 23, 16, , , , 
2018/10/18, 28, 13, , , , 
2018/10/19, 25, 16, , , , 
2018/10/20, 29, 15, , , , 
2018/10/21, 32, 12, , , , 
2018/10/22, 33, 11, , , , 
2018/10/23, 31, , , , , 
2018/11/1, 34, 16, , , , 
2018/11/2, 33, 16, , , , 
2018/11/3, 28, 17, , , , 
2018/11/4, 29, 24, , , , 
2018/11/5, 49, 34, , , , 
2018/11/6, 62, 34, , , , 
2018/11/7, 58, 28, , , , 
2018/11/8, 54, 19, , , , 
2018/11/9, 40, 18, , , , 
2018/11/10, 33, 16, , , , 
2018/11/11, 30, 13, , , , 
2018/11/12, 30, 13, , , , 
2018/11/13, 31, 14, , , , 
2018/11/14, 31, 17, , , , 
2018/11/15, 31, 15, , , , 
2018/11/16, 29, 14, , , , 
2018/11/17, 28, 13, , , , 
2018/11/18, 28, 12, , , , 
2018/11/19, 25, 15, , , , 
2018/11/20, 24, 16, , , , 
2018/11/21, 28, 16, , , , 
2018/11/22, 27, 20, , , , 
2018/11/23, 39, 77, , , , 
2018/11/24, 67, 56, , , , 
2018/11/25, 52, 19, , , , 
2018/11/26, 25, 22, , , , 
2018/11/27, 37, 21, , , , 
2018/11/28, 36, 31, , , , 
2018/11/29, 54, 51, , , , 
2018/11/30, 51, 23, , , , 
2018/12/1, 37, 26, , , , 
2018/12/2, 51, 45, , , , 
2018/12/3, 77, 58, , , , 
2018/12/4, 98, 39, , , , 
2018/12/5, 56, 27, , , , 
2018/12/6, 46, 19, , , , 
2018/12/7, 34, 17, , , , 
2018/12/8, 28, 21, , , , 
2018/12/9, 30, 20, , , , 
2018/12/10, 29, 19, , , , 
2018/12/11, 29, 23, , , , 
2018/12/12, 42, 19, , , , 
2018/12/13, 35, 15, , , , 
2018/12/14, 26, 16, , , , 
2018/12/15, 28, 12, , , , 
2018/12/16, 21, 12, , , , 
2018/12/17, 20, 12, , , , 
2018/12/18, 25, 9, , , , 
2018/12/19, 19, 11, , , , 
2018/12/20, 22, 12, , , , 
2018/12/21, 25, 16, , , , 
2018/12/22, 32, 18, , , , 
2018/12/23, 39, 17, , , , 
2018/12/24, 32, 14, , , , 
2018/12/25, 24, 12, , , , 
2018/12/26, 22, 12, , , , 
2018/12/27, 22, 12, , , , 
2018/12/28, 24, 13, , , , 
2018/12/29, 23, 16, , , , 
2018/12/30, 28, 21, , , , 
2018/12/31, 37, , , , , 
2018/7/2, 59, 13, , , , 
2018/7/3, 39, 9, , , , 
2018/7/4, 22, 8, , , , 
2018/7/5, 19, 13, , , , 
2018/7/6, 29, 14, , , , 
2018/7/7, 31, 12, , , , 
2018/7/8, 25, 9, , , , 
2018/7/9, 18, 9, , , , 
2018/7/10, 19, 13, , , , 
2018/7/11, 31, 15, , , , 
2018/7/12, 46, 14, , , , 
2018/7/13, 47, 14, , , , 
2018/7/14, 40, 11, , , , 
2018/7/15, 32, 20, , , , 
2018/7/16, 60, 18, , , , 
2018/7/17, 54, 17, , , , 
2018/7/18, 43, 24, , , , 
2018/7/19, 56, 35, , , , 
2018/7/20, 76, 26, , , , 
2018/7/21, 64, 23, , , , 
2018/7/22, 44, , , , , 
2018/7/25, 54, 29, , , , 
2018/7/26, 63, 33, , , , 
2018/7/27, 67, 32, , , , 
2018/7/28, 71, 16, , , , 
2018/7/29, 40, 16, , , , 
2018/7/30, 45, 12, , , , 
2018/7/31, 31, 14, , , , 
2018/8/1, 28, 22, , , , 
2018/8/2, 50, 31, , , , 
2018/8/3, 70, 29, , , , 
2018/8/4, 72, 19, , , , 
2018/8/5, 45, 31, , , , 
2018/8/6, 57, 24, , , , 
2018/8/7, 49, 18, , , , 
2018/8/8, 37, 28, , , , 
2018/8/9, 37, 24, , , , 
2018/8/10, 55, 19, , , , 
2018/8/11, 45, 20, , , , 
2018/8/12, 50, 16, , , , 
2018/8/13, 37, 12, , , , 
2018/8/14, 26, 21, , , , 
2018/8/15, 48, 21, , , , 
2018/8/16, 52, 23, , , , 
2018/8/17, 56, 25, , , , 
2018/8/18, 56, 24, , , , 
2018/8/19, 58, 19, , , , 
2018/8/20, 37, 22, , , , 
2018/8/21, 25, 18, , , , 
2018/8/22, 38, 15, , , , 
2018/8/23, 31, 21, , , , 
2018/8/24, 44, 26, , , , 
2018/8/25, 57, 19, , , , 
2018/8/26, 50, 13, , , , 
2018/8/27, 40, 14, , , , 
2018/8/28, 44, 14, , , , 
2018/8/29, 38, 17, , , , 
2018/8/30, 44, 16, , , , 
2018/8/31, 40, 21, , , , 
2018/9/1, 49, 68, , , , 
2018/9/2, 67, 77, , , , 
2018/9/3, 66, 17, , , , 
2018/9/4, 30, 9, , , , 
2018/9/5, 24, 8, , , , 
2018/9/6, 15, 11, , , , 
2018/9/7, 24, 18, , , , 
2018/9/8, 36, 14, , , , 
2018/9/9, 23, 13, , , , 
2018/9/10, 29, 14, , , , 
2018/9/11, 33, 16, , , , 
2018/9/12, 37, 18, , , , 
2018/9/13, 37, 17, , , , 
2018/9/14, 33, 16, , , , 
2018/9/15, 36, 14, , , , 
2018/9/16, 32, 22, , , , 
2018/9/17, 29, 28, , , , 
2018/9/18, 37, 16, , , , 
2018/9/19, 27, 16, , , , 
2018/9/20, 30, 22, , , , 
2018/9/21, 37, 21, , , , 
2018/9/22, 36, 14, , , , 
2018/9/23, 24, 14, , , , 
2018/9/24, 31, 14, , , , 
2018/9/25, 32, 14, , , , 
2018/9/26, 26, 13, , , , 
2018/9/27, 26, 14, , , , 
2018/9/28, 28, 17, , , , 
2018/9/29, 37, 15, , , , 
2018/9/30, 28, 17, , , , 
2018/10/1, 31, 12, , , , 
2018/4/2, 8, 9, , , , 
2018/4/3, 12, 10, , , , 
2018/4/4, 12, 9, , , , 
2018/4/5, 11, 10, , , , 
2018/4/6, 8, 11, , , , 
2018/4/7, 10, 10, , , , 
2018/4/8, 12, 9, , , , 
2018/4/9, 13, 9, , , , 
2018/4/10, 12, 14, , , , 
2018/4/11, 20, 16, , , , 
2018/4/12, 16, 15, , , , 
2018/4/13, 12, 18, , , , 
2018/4/14, 14, 14, , , , 
2018/4/15, 13, 11, , , , 
2018/4/16, 18, 18, , , , 
2018/4/17, 21, 20, , , , 
2018/4/18, 18, 14, , , , 
2018/4/19, 17, 14, , , , 
2018/4/20, 14, 12, , , , 
2018/4/21, 14, 9, , , , 
2018/4/22, 18, 8, , , , 
2018/4/23, 15, 6, , , , 
2018/4/24, 12, 8, , , , 
2018/4/25, 12, 6, , , , 
2018/4/26, 13, 7, , , , 
2018/4/27, 17, 9, , , , 
2018/4/28, 17, 10, , , , 
2018/4/29, 13, 6, , , , 
2018/4/30, 6, 7, , , , 
2018/5/1, 10, 8, , , , 
2018/5/2, 12, 13, , , , 
2018/5/3, 20, 14, , , , 
2018/5/4, 25, 16, , , , 
2018/5/5, 30, 15, , , , 
2018/5/6, 23, 14, , , , 
2018/5/7, 17, 11, , , , 
2018/5/8, 12, 10, , , , 
2018/5/9, 20, 8, , , , 
2018/5/10, 20, 13, , , , 
2018/5/11, 28, 13, , , , 
2018/5/12, 19, 14, , , , 
2018/5/13, 9, 12, , , , 
2018/5/14, 13, 10, , , , 
2018/5/15, 22, 12, , , , 
2018/5/16, 20, 14, , , , 
2018/5/17, 20, 12, , , , 
2018/5/18, 21, 10, , , , 
2018/5/19, 20, 13, , , , 
2018/5/20, 28, 15, , , , 
2018/5/21, 37, 10, , , , 
2018/5/22, 17, 14, , , , 
2018/5/23, 23, 16, , , , 
2018/5/24, 23, 14, , , , 
2018/5/25, 24, 15, , , , 
2018/5/26, 25, 10, , , , 
2018/5/27, 19, 7, , , , 
2018/5/28, 14, 7, , , , 
2018/5/29, 16, 7, , , , 
2018/5/30, 14, 11, , , , 
2018/5/31, 24, 10, , , , 
2018/6/1, 17, 9, , , , 
2018/6/2, 13, 17, , , , 
2018/6/3, 45, 12, , , , 
2018/6/4, 28, 14, , , , 
2018/6/5, 37, 12, , , , 
2018/6/6, 29, 12, , , , 
2018/6/7, 30, 10, , , , 
2018/6/8, 25, 15, , , , 
2018/6/9, 31, 11, , , , 
2018/6/10, 28, 13, , , , 
2018/6/11, 38, 11, , , , 
2018/6/12, 26, 17, , , , 
2018/6/13, 38, 21, , , , 
2018/6/14, 48, 19, , , , 
2018/6/15, 49, 16, , , , 
2018/6/16, 40, 15, , , , 
2018/6/17, 34, 16, , , , 
2018/6/18, 36, 8, , , , 
2018/6/19, 10, 9, , , , 
2018/6/20, 18, 11, , , , 
2018/6/21, 24, 15, , , , 
2018/6/22, 31, 16, , , , 
2018/6/23, 36, 16, , , , 
2018/6/24, 39, 22, , , , 
2018/6/25, 61, 21, , , , 
2018/6/26, 57, 16, , , , 
2018/6/27, 36, 12, , , , 
2018/6/28, 29, 13, , , , 
2018/6/29, 35, 12, , , , 
2018/6/30, 36, 16, , , , 
2018/7/1, 49, 20, , , , 
2018/1/2, 29, 8, , , , 
2018/1/3, 24, 6, , , , 
2018/1/4, 15, 9, , , , 
2018/1/5, 15, 12, , , , 
2018/1/6, 16, 8, , , , 
2018/1/7, 10, 9, , , , 
2018/1/8, 13, 9, , , , 
2018/1/9, 11, 8, , , , 
2018/1/10, 7, 10, , , , 
2018/1/11, 15, 10, , , , 
2018/1/12, 14, 10, , , , 
2018/1/13, 18, 14, , , , 
2018/1/14, 25, 19, , , , 
2018/1/15, 35, 18, , , , 
2018/1/16, 26, 16, , , , 
2018/1/17, 26, 21, , , , 
2018/1/18, 29, 20, , , , 
2018/1/19, 27, 21, , , , 
2018/1/20, 30, 16, , , , 
2018/1/21, 23, 9, , , , 
2018/1/22, 10, 8, , , , 
2018/1/23, 8, 9, , , , 
2018/1/24, 13, 10, , , , 
2018/1/25, 19, 11, , , , 
2018/1/26, 20, 10, , , , 
2018/1/27, 21, 8, , , , 
2018/1/28, 16, 10, , , , 
2018/1/29, 15, 14, , , , 
2018/1/30, 21, 16, , , , 
2018/1/31, 22, 12, , , , 
2018/2/1, 19, 11, , , , 
2018/2/2, 21, 9, , , , 
2018/2/3, 18, 6, , , , 
2018/2/4, 13, 7, , , , 
2018/2/5, 10, 8, , , , 
2018/2/6, 8, 9, , , , 
2018/2/7, 10, 9, , , , 
2018/2/8, 10, 10, , , , 
2018/2/9, 10, 10, , , , 
2018/2/10, 12, 11, , , , 
2018/2/11, 17, 12, , , , 
2018/2/12, 20, 14, , , , 
2018/2/13, 27, 20, , , , 
2018/2/14, 31, 16, , , , 
2018/2/15, 29, 20, , , , 
2018/2/16, 37, 18, , , , 
2018/2/17, 35, 15, , , , 
2018/2/18, 28, 12, , , , 
2018/2/19, 22, 13, , , , 
2018/2/20, 18, 13, , , , 
2018/2/21, 17, 14, , , , 
2018/2/22, 12, 10, , , , 
2018/2/23, 9, 6, , , , 
2018/2/24, 7, 5, , , , 
2018/2/25, 12, 6, , , , 
2018/2/26, 16, 7, , , , 
2018/2/27, 13, 6, , , , 
2018/2/28, 9, 9, , , , 
2018/3/1, 9, 11, , , , 
2018/3/2, 13, 21, , , , 
2018/3/3, 21, 18, , , , 
2018/3/4, 17, 13, , , , 
2018/3/5, 24, 8, , , , 
2018/3/6, 23, 6, , , , 
2018/3/7, 15, 9, , , , 
2018/3/8, 13, 13, , , , 
2018/3/9, 10, 9, , , , 
2018/3/10, 9, 9, , , , 
2018/3/11, 9, 6, , , , 
2018/3/12, 7, 8, , , , 
2018/3/13, 8, 10, , , , 
2018/3/14, 12, 8, , , , 
2018/3/15, 11, 12, , , , 
2018/3/16, 16, 13, , , , 
2018/3/17, 19, 12, , , , 
2018/3/18, 17, 10, , , , 
2018/3/19, 15, 7, , , , 
2018/3/20, 13, 7, , , , 
2018/3/21, 12, 9, , , , 
2018/3/22, 10, 10, , , , 
2018/3/23, 9, 10, , , , 
2018/3/24, 12, 11, , , , 
2018/3/25, 11, 11, , , , 
2018/3/26, 12, 10, , , , 
2018/3/27, 14, 14, , , , 
2018/3/28, 27, 10, , , , 
2018/3/29, 15, 10, , , , 
2018/3/30, 14, 11, , , , 
2018/3/31, 10, 11, , , , 
2018/4/1, 12, 9, , , , 
2017/10/2, 26, 11, , , , 
2017/10/3, 20, 11, , , , 
2017/10/4, 19, 9, , , , 
2017/10/5, 25, 10, , , , 
2017/10/6, 24, 11, , , , 
2017/10/7, 26, 16, , , , 
2017/10/8, 35, 12, , , , 
2017/10/9, 15, 12, , , , 
2017/10/10, 21, 16, , , , 
2017/10/11, 41, 15, , , , 
2017/10/12, 32, 13, , , , 
2017/10/13, 30, 18, , , , 
2017/10/14, 43, 16, , , , 
2017/10/15, 39, 7, , , , 
2017/10/16, 16, 9, , , , 
2017/10/17, 13, 14, , , , 
2017/10/18, 20, 10, , , , 
2017/10/19, 13, 11, , , , 
2017/10/20, 15, 15, , , , 
2017/10/21, 21, 12, , , , 
2017/10/22, 21, 7, , , , 
2017/10/23, 15, 9, , , , 
2017/10/24, 17, 8, , , , 
2017/10/25, 18, 10, , , , 
2017/10/26, 17, 12, , , , 
2017/10/27, 20, 18, , , , 
2017/10/28, 28, 16, , , , 
2017/10/29, 21, 15, , , , 
2017/10/30, 25, 15, , , , 
2017/10/31, 34, 18, , , , 
2017/11/1, 32, 19, , , , 
2017/11/2, 26, 18, , , , 
2017/11/3, 29, 15, , , , 
2017/11/4, 24, 13, , , , 
2017/11/5, 22, 14, , , , 
2017/11/6, 25, 9, , , , 
2017/11/7, 15, 12, , , , 
2017/11/8, 27, 11, , , , 
2017/11/9, 19, 10, , , , 
2017/11/10, 12, 7, , , , 
2017/11/11, 7, , , , , 
2017/12/21, 19, 12, , , , 
2017/12/22, 18, 10, , , , 
2017/12/23, 21, 10, , , , 
2017/12/24, 25, 8, , , , 
2017/12/25, 15, 11, , , , 
2017/12/26, 18, 11, , , , 
2017/12/27, 21, 7, , , , 
2017/12/28, 16, 6, , , , 
2017/12/29, 13, 6, , , , 
2017/12/30, 12, 7, , , , 
2017/12/31, 12, 9, , , , 
2018/1/1, 19, 12, , , , 
2017/7/2, 16, 12, , , , 
2017/7/3, 37, 21, , , , 
2017/7/4, 54, 17, , , , 
2017/7/5, 45, 21, , , , 
2017/7/6, 53, 14, , , , 
2017/7/7, 42, 17, , , , 
2017/7/8, 51, 14, , , , 
2017/7/9, 44, 10, , , , 
2017/7/10, 33, 15, , , , 
2017/7/11, 47, 13, , , , 
2017/7/12, 34, 11, , , , 
2017/7/13, 26, 11, , , , 
2017/7/14, 27, 18, , , , 
2017/7/15, 48, 15, , , , 
2017/7/16, 44, 9, , , , 
2017/7/17, 27, 13, , , , 
2017/7/18, 42, 15, , , , 
2017/7/19, 43, 10, , , , 
2017/7/20, 23, 7, , , , 
2017/7/21, 12, 9, , , , 
2017/7/22, 23, 14, , , , 
2017/7/23, 39, 21, , , , 
2017/7/24, 59, 17, , , , 
2017/7/25, 52, 20, , , , 
2017/7/26, 53, 19, , , , 
2017/7/27, 50, 21, , , , 
2017/7/28, 54, 23, , , , 
2017/7/29, 52, 23, , , , 
2017/7/30, 57, 26, , , , 
2017/7/31, 68, 23, , , , 
2017/8/1, 59, 17, , , , 
2017/8/2, 42, 12, , , , 
2017/8/3, 25, 20, , , , 
2017/8/4, 50, 15, , , , 
2017/8/5, 36, 9, , , , 
2017/8/6, 28, 16, , , , 
2017/8/7, 53, 14, , , , 
2017/8/8, 39, 9, , , , 
2017/8/9, 19, 9, , , , 
2017/8/10, 18, 19, , , , 
2017/8/11, 51, 24, , , , 
2017/8/12, 61, 26, , , , 
2017/8/13, 63, 29, , , , 
2017/8/14, 74, 18, , , , 
2017/8/15, 47, 20, , , , 
2017/8/16, 51, 23, , , , 
2017/8/17, 58, 24, , , , 
2017/8/18, 57, 17, , , , 
2017/8/19, 39, 16, , , , 
2017/8/20, 34, 10, , , , 
2017/8/21, 23, 20, , , , 
2017/8/22, 52, 17, , , , 
2017/8/23, 40, 20, , , , 
2017/8/24, 51, 20, , , , 
2017/8/25, 51, 18, , , , 
2017/8/26, 49, 12, , , , 
2017/8/27, 25, 13, , , , 
2017/8/28, 28, 13, , , , 
2017/8/29, 31, 5, , , , 
2017/8/30, 12, 18, , , , 
2017/8/31, 42, 19, , , , 
2017/9/1, 46, 19, , , , 
2017/9/2, 44, 20, , , , 
2017/9/3, 47, 23, , , , 
2017/9/4, 57, 34, , , , 
2017/9/5, 83, 31, , , , 
2017/9/6, 69, 13, , , , 
2017/9/7, 22, , , , , 
2017/9/11, 33, 20, , , , 
2017/9/12, 44, 20, , , , 
2017/9/13, 44, 20, , , , 
2017/9/14, 46, 21, , , , 
2017/9/15, 40, 15, , , , 
2017/9/16, 28, 17, , , , 
2017/9/17, 41, 22, , , , 
2017/9/18, 53, 21, , , , 
2017/9/19, 39, 18, , , , 
2017/9/20, 33, 24, , , , 
2017/9/21, 49, 23, , , , 
2017/9/22, 35, 19, , , , 
2017/9/23, 31, 16, , , , 
2017/9/24, 33, 18, , , , 
2017/9/25, 37, 23, , , , 
2017/9/26, 51, 24, , , , 
2017/9/27, 48, 21, , , , 
2017/9/28, 31, 19, , , , 
2017/9/29, 34, 25, , , , 
2017/9/30, 53, 18, , , , 
2017/10/1, 45, 13, , , , 
2017/4/2, 22, 11, , , , 
2017/4/3, 23, 11, , , , 
2017/4/4, 22, 9, , , , 
2017/4/5, 19, 10, , , , 
2017/4/6, 21, 10, , , , 
2017/4/7, 24, 9, , , , 
2017/4/8, 22, 9, , , , 
2017/4/9, 19, 10, , , , 
2017/4/10, 22, 13, , , , 
2017/4/11, 33, 19, , , , 
2017/4/12, 35, 15, , , , 
2017/4/13, 32, 12, , , , 
2017/4/14, 27, 11, , , , 
2017/4/15, 25, 11, , , , 
2017/4/16, 31, 11, , , , 
2017/4/17, 29, 11, , , , 
2017/4/18, 29, 14, , , , 
2017/4/19, 38, 14, , , , 
2017/4/20, 38, 12, , , , 
2017/4/21, 28, 11, , , , 
2017/4/22, 22, 11, , , , 
2017/4/23, 21, 11, , , , 
2017/4/24, 23, 10, , , , 
2017/4/25, 25, 12, , , , 
2017/4/26, 32, 13, , , , 
2017/4/27, 34, 13, , , , 
2017/4/28, 34, 8, , , , 
2017/4/29, 19, 8, , , , 
2017/4/30, 18, 13, , , , 
2017/5/1, 33, 13, , , , 
2017/5/2, 36, 13, , , , 
2017/5/3, 31, 15, , , , 
2017/5/4, 35, 16, , , , 
2017/5/5, 36, 13, , , , 
2017/5/6, 28, 10, , , , 
2017/5/7, 21, 9, , , , 
2017/5/8, 22, 9, , , , 
2017/5/9, 23, 11, , , , 
2017/5/10, 27, 14, , , , 
2017/5/11, 33, 11, , , , 
2017/5/12, 28, 14, , , , 
2017/5/13, 36, 11, , , , 
2017/5/14, 25, 7, , , , 
2017/5/15, 21, 9, , , , 
2017/5/16, 26, 15, , , , 
2017/5/17, 41, 20, , , , 
2017/5/18, 52, 15, , , , 
2017/5/19, 42, 11, , , , 
2017/5/20, 28, 13, , , , 
2017/5/21, 40, , , , , 
2017/5/23, 17, 11, , , , 
2017/5/24, 24, 15, , , , 
2017/5/25, 38, 19, , , , 
2017/5/26, 50, 19, , , , 
2017/5/27, 39, 21, , , , 
2017/5/28, 51, 15, , , , 
2017/5/29, 43, 13, , , , 
2017/5/30, 32, 13, , , , 
2017/5/31, 29, 15, , , , 
2017/6/1, 34, 12, , , , 
2017/6/2, 25, 11, , , , 
2017/6/3, 24, 11, , , , 
2017/6/4, 26, 11, , , , 
2017/6/5, 28, 12, , , , 
2017/6/6, 27, 15, , , , 
2017/6/7, 39, 13, , , , 
2017/6/8, 30, 13, , , , 
2017/6/9, 33, 17, , , , 
2017/6/10, 44, 7, , , , 
2017/6/11, 16, 3, , , , 
2017/6/12, 5, 5, , , , 
2017/6/13, 12, 4, , , , 
2017/6/14, 9, 7, , , , 
2017/6/15, 13, 8, , , , 
2017/6/16, 17, 9, , , , 
2017/6/17, 14, 6, , , , 
2017/6/18, 16, 4, , , , 
2017/6/19, 10, 7, , , , 
2017/6/20, 18, 6, , , , 
2017/6/21, 8, 9, , , , 
2017/6/22, 19, 13, , , , 
2017/6/23, 32, 17, , , , 
2017/6/24, 41, 18, , , , 
2017/6/25, 50, 22, , , , 
2017/6/26, 61, 20, , , , 
2017/6/27, 56, 18, , , , 
2017/6/28, 48, 18, , , , 
2017/6/29, 48, 16, , , , 
2017/6/30, 39, 11, , , , 
2017/7/1, 23, 7, , , , 
2017/1/3, 26, 9, , 5, , 
2017/1/4, 25, 11, , 4, , 
2017/1/5, 27, 13, , 4, , 
2017/1/6, 30, 9, , 3, , 
2017/1/7, 24, 9, , 2, , 
2017/1/8, 20, 12, , 2, , 
2017/1/9, 24, 14, , 4, , 
2017/1/10, 26, 13, , 3, , 
2017/1/11, 28, 14, , 4, , 
2017/1/12, 33, 14, , 5, , 
2017/1/13, 31, 15, , 3, , 
2017/1/14, 36, 10, , 2, , 
2017/1/15, 27, 10, , 3, , 
2017/1/16, 25, 8, , 3, , 
2017/1/17, 25, 9, , 4, , 
2017/1/18, 25, 11, , 5, , 
2017/1/19, 27, 20, , 5, , 
2017/1/20, 38, 27, , 6, , 
2017/1/21, 48, 22, , 5, , 
2017/1/22, 52, 16, , 2, , 
2017/1/23, 32, 15, , 5, , 
2017/1/24, 28, 13, , 6, , 
2017/1/25, 29, 15, , 5, , 
2017/1/26, 27, 15, , 2, , 
2017/1/27, 32, 12, , 5, , 
2017/1/28, 26, 11, , 3, , 
2017/1/29, 29, 9, , 2, , 
2017/1/30, 22, 10, , 3, , 
2017/1/31, 23, 12, , 3, , 
2017/2/1, 26, 16, , 3, , 
2017/2/2, 33, 17, , 3, , 
2017/2/3, 36, 18, , 3, , 
2017/2/4, 36, 12, , 2, , 
2017/2/5, 24, 11, , 2, , 
2017/2/6, 22, 12, , 3, , 
2017/2/7, 24, 18, , 4, , 
2017/2/8, 36, 16, , 4, , 
2017/2/9, 28, 11, , 5, , 
2017/2/10, 19, 11, , 5, , 
2017/2/11, 23, 17, , 4, , 
2017/2/12, 32, 19, , 4, , 
2017/2/13, 38, 25, , 5, , 
2017/2/14, 49, 22, , 5, , 2
2017/2/15, 38, 18, , 5, , 3
2017/2/16, 29, 16, , 6, , 3
2017/2/17, 29, 16, , 6, , 4
2017/2/18, 34, 13, , 3, , 3
2017/2/19, 27, 12, , 6, , 4
2017/2/20, 24, 12, , 5, , 3
2017/2/21, 35, 14, , 6, , 3
2017/2/22, 33, 18, , 6, , 3
2017/2/23, 34, 17, , 6, , 3
2017/2/24, 30, 16, , 5, , 3
2017/2/25, 28, 15, , 4, , 3
2017/2/26, 26, 12, , 3, , 
2017/2/27, 20, 11, , 6, , 3
2017/2/28, 21, 8, , 5, , 3
2017/3/1, 17, 10, , 5, , 3
2017/3/2, 22, 11, , 5, , 3
2017/3/3, 22, 10, , 5, , 3
2017/3/4, 22, 11, , 3, , 
2017/3/5, 24, 9, , 5, , 3
2017/3/6, 23, 12, , 6, , 3
2017/3/7, 30, 15, , 6, , 3
2017/3/8, 30, 16, , 7, , 3
2017/3/9, 29, 15, , 6, , 3
2017/3/10, 28, 17, , 5, , 3
2017/3/11, 30, 18, , 4, , 
2017/3/12, 32, 18, , 3, , 
2017/3/13, 32, 15, , 5, , 3
2017/3/14, 32, 16, , 4, , 3
2017/3/15, 32, 12, , 6, , 3
2017/3/16, 26, 11, , 7, , 3
2017/3/17, 28, 13, , 11, , 4
2017/3/18, 35, 10, , 4, , 3
2017/3/19, 31, 11, , 5, , 3
2017/3/20, 28, 12, , 6, , 3
2017/3/21, 32, 12, , 4, , 2
2017/3/22, 31, 13, , 9, , 3
2017/3/23, 30, 17, , 6, , 3
2017/3/24, 42, 13, , 6, , 3
2017/3/25, 32, 11, , 4, , 2
2017/3/26, 26, 13, , 4, , 
2017/3/27, 27, 13, , 5, , 2
2017/3/28, 30, 14, , 7, , 2
2017/3/29, 35, 14, , 6, , 3
2017/3/30, 35, 9, , 3, , 2
2017/3/31, 20, 8, , 5, , 2
2017/4/1, 19, 10, , , , 
2016/10/2, 27, 11, , , , 
2016/10/3, 28, 16, , , , 
2016/10/4, 48, 13, , , , 
2016/10/5, 38, 10, , , , 
2016/10/6, 25, 13, , , , 
2016/10/7, 33, 19, , , , 
2016/10/8, 50, 19, , , , 
2016/10/9, 53, 20, , , , 
2016/10/10, 50, 20, , , , 
2016/10/11, 37, 22, , , , 
2016/10/12, 44, 22, , , , 
2016/10/13, 39, 17, , , , 
2016/10/14, 32, 15, , , , 
2016/10/15, 31, 14, , , , 
2016/10/16, 26, 12, , , , 
2016/10/17, 28, 19, , , , 
2016/10/18, 45, 13, , , , 
2016/10/19, 30, 12, , , , 
2016/10/20, 30, 17, , , , 
2016/10/21, 47, 17, , , , 
2016/10/22, 36, 18, , , , 
2016/10/23, 35, 11, , , , 
2016/10/24, 25, 10, , , , 
2016/10/25, 22, 16, , , , 
2016/10/26, 32, 17, , , , 
2016/10/27, 36, 16, , , , 
2016/10/28, 37, 16, , , , 
2016/10/29, 38, 14, , , , 
2016/10/30, 30, 12, , , , 
2016/10/31, 26, 14, , , , 
2016/11/1, 31, 23, , , , 
2016/11/2, 50, 21, , , , 
2016/11/3, 53, 22, , , , 
2016/11/4, 48, 16, , , , 
2016/11/5, 33, 16, , , , 
2016/11/6, 35, 26, , , , 
2016/11/7, 52, 30, , , , 
2016/11/8, 55, 23, , , , 
2016/11/9, 49, 24, , , , 
2016/11/10, 54, 21, , , , 
2016/11/11, 51, 20, , , , 
2016/11/12, 51, 18, , , , 
2016/11/13, 41, 15, , , , 
2016/11/14, 38, 15, , , , 
2016/11/15, 35, 13, , , , 
2016/11/16, 28, 16, , , , 
2016/11/17, 31, 17, , , , 
2016/11/18, 34, 20, , , , 
2016/11/19, 33, 20, , , , 
2016/11/20, 37, 17, , , , 
2016/11/21, 34, 17, , , , 
2016/11/22, 35, 15, , , , 
2016/11/23, 30, 18, , , , 
2016/11/24, 32, 17, , , , 
2016/11/25, 35, 26, , , , 
2016/11/26, 44, 21, , , , 
2016/11/27, 35, 15, , , , 
2016/11/28, 35, 15, , , , 
2016/11/29, 30, 16, , , , 
2016/11/30, 32, 17, , , , 
2016/12/1, 36, 18, , , , 
2016/12/2, 39, 19, , , , 
2016/12/3, 40, 21, , , , 
2016/12/4, 45, 18, , , , 
2016/12/5, 48, 19, , , , 
2016/12/6, 42, 21, , , , 
2016/12/7, 45, 24, , , , 
2016/12/8, 56, 19, , , , 
2016/12/9, 50, 20, , , , 
2016/12/10, 53, 23, , , , 
2016/12/11, 44, 20, , , , 
2016/12/12, 35, 15, , , , 
2016/12/13, 31, 15, , , , 
2016/12/14, 30, 15, , , , 
2016/12/15, 31, 16, , , , 
2016/12/16, 33, 16, , , , 
2016/12/17, 30, 15, , , , 
2016/12/18, 28, 20, , , , 
2016/12/19, 45, 23, , , , 
2016/12/20, 46, 21, , , , 
2016/12/21, 37, 18, , , , 
2016/12/22, 40, 19, , , , 
2016/12/23, 47, 23, , , , 
2016/12/24, 43, 18, , , , 
2016/12/25, 37, 14, , , , 
2016/12/26, 29, 12, , , , 
2016/12/27, 23, 13, , , , 
2016/12/28, 27, 15, , , , 
2016/12/29, 28, 13, , , , 
2016/12/30, 26, 13, , , , 
2016/12/31, 26, 12, , , , 
2017/1/1, 28, 11, , , , 
2017/1/2, 26, 13, , 1, , 
2016/7/2, 47, 9, , , , 
2016/7/3, 25, 17, , , , 
2016/7/4, 52, 20, , , , 
2016/7/5, 58, 20, , , , 
2016/7/6, 53, 10, , , , 
2016/7/7, 29, 6, , , , 
2016/7/8, 14, 7, , , , 
2016/7/9, 23, 9, , , , 
2016/7/10, 33, 13, , , , 
2016/7/11, 46, 16, , , , 
2016/7/12, 44, 19, , , , 
2016/7/13, 51, 19, , , , 
2016/7/14, 50, 9, , , , 
2016/7/15, 22, 14, , , , 
2016/7/16, 35, 15, , , , 
2016/7/17, 37, 12, , , , 
2016/7/18, 37, 8, , , , 
2016/7/19, 26, 12, , , , 
2016/7/20, 37, 16, , , , 
2016/7/21, 48, 20, , , , 
2016/7/22, 55, 20, , , , 
2016/7/23, 53, 21, , , , 
2016/7/24, 59, 11, , , , 
2016/7/25, 26, 11, , , , 
2016/7/26, 24, 12, , , , 
2016/7/27, 27, 15, , , , 
2016/7/28, 38, 16, , , , 
2016/7/29, 47, 21, , , , 
2016/7/30, 56, 18, , , , 
2016/7/31, 52, 24, , , , 
2016/8/1, 69, 23, , , , 
2016/8/2, 65, 27, , , , 
2016/8/3, 67, 20, , , , 
2016/8/4, 57, 7, , , , 
2016/8/5, 19, 12, , , , 
2016/8/6, 28, 10, , , , 
2016/8/7, 25, 9, , , , 
2016/8/8, 28, 10, , , , 
2016/8/9, 30, 14, , , , 
2016/8/10, 39, 18, , , , 
2016/8/11, 48, 17, , , , 
2016/8/12, 52, 15, , , , 
2016/8/13, 48, 15, , , , 
2016/8/14, 45, 15, , , , 
2016/8/15, 50, 13, , , , 
2016/8/16, 36, 19, , , , 
2016/8/17, 37, 17, , , , 
2016/8/18, 39, 18, , , , 
2016/8/19, 47, 15, , , , 
2016/8/20, 40, 18, , , , 
2016/8/21, 42, 14, , , , 
2016/8/22, 37, 16, , , , 
2016/8/23, 42, 14, , , , 
2016/8/24, 33, 13, , , , 
2016/8/25, 31, 7, , , , 
2016/8/26, 21, 6, , , , 
2016/8/27, 17, 8, , , , 
2016/8/28, 21, 12, , , , 
2016/8/29, 37, 16, , , , 
2016/8/30, 43, 16, , , , 
2016/8/31, 40, 15, , , , 
2016/9/1, 39, 17, , , , 
2016/9/2, 41, 14, , , , 
2016/9/3, 29, 11, , , , 
2016/9/4, 21, 6, , , , 
2016/9/5, 18, 10, , , , 
2016/9/6, 22, 12, , , , 
2016/9/7, 28, 14, , , , 
2016/9/8, 30, 15, , , , 
2016/9/9, 34, 19, , , , 
2016/9/10, 39, 20, , , , 
2016/9/11, 42, 12, , , , 
2016/9/12, 29, 14, , , , 
2016/9/13, 40, 15, , , , 
2016/9/14, 39, 15, , , , 
2016/9/15, 33, 15, , , , 
2016/9/16, 34, 11, , , , 
2016/9/17, 34, 8, , , , 
2016/9/18, 25, 13, , , , 
2016/9/19, 32, 10, , , , 
2016/9/20, 30, 8, , , , 
2016/9/21, 21, 15, , , , 
2016/9/22, 41, 13, , , , 
2016/9/23, 42, 8, , , , 
2016/9/24, 22, 9, , , , 
2016/9/25, 28, 12, , , , 
2016/9/26, 39, 9, , , , 
2016/9/27, 25, 10, , , , 
2016/9/28, 25, 14, , , , 
2016/9/29, 34, 24, , , , 
2016/9/30, 54, 20, , , , 
2016/10/1, 49, 15, , , , 
2016/4/2, 28, 7, , , , 
2016/4/3, 13, , , , , 
2016/4/5, 11, 16, , , , 
2016/4/6, 30, 17, , , , 
2016/4/7, 34, 19, , , , 
2016/4/8, 37, 18, , , , 
2016/4/9, 42, 17, , , , 
2016/4/10, 43, 14, , , , 
2016/4/11, 38, 14, , , , 
2016/4/12, 37, 18, , , , 
2016/4/13, 47, 14, , , , 
2016/4/14, 41, 16, , , , 
2016/4/15, 41, 12, , , , 
2016/4/16, 26, 11, , , , 
2016/4/17, 25, 9, , , , 
2016/4/18, 24, 10, , , , 
2016/4/19, 25, 12, , , , 
2016/4/20, 30, 13, , , , 
2016/4/21, 35, 11, , , , 
2016/4/22, 30, 12, , , , 
2016/4/23, 34, 15, , , , 
2016/4/24, 43, 16, , , , 
2016/4/25, 37, 17, , , , 
2016/4/26, 28, 14, , , , 
2016/4/27, 26, 12, , , , 
2016/4/28, 26, 12, , , , 
2016/4/29, 28, 17, , , , 
2016/4/30, 37, 17, , , , 
2016/5/1, 39, 13, , , , 
2016/5/2, 32, 10, , , , 
2016/5/3, 36, 11, , , , 
2016/5/4, 35, 12, , , , 
2016/5/5, 39, 15, , , , 
2016/5/6, 41, 18, , , , 
2016/5/7, 47, 15, , , , 
2016/5/8, 42, 11, , , , 
2016/5/9, 34, 12, , , , 
2016/5/10, 36, 13, , , , 
2016/5/11, 35, 11, , , , 
2016/5/12, 28, 17, , , , 
2016/5/13, 39, 16, , , , 
2016/5/14, 37, 17, , , , 
2016/5/15, 46, 15, , , , 
2016/5/16, 46, 12, , , , 
2016/5/17, 36, 18, , , , 
2016/5/18, 50, 17, , , , 
2016/5/19, 46, 20, , , , 
2016/5/20, 54, 27, , , , 
2016/5/21, 65, 21, , , , 
2016/5/22, 54, 21, , , , 
2016/5/23, 50, 19, , , , 
2016/5/24, 47, 22, , , , 
2016/5/25, 51, 22, , , , 
2016/5/26, 48, 27, , , , 
2016/5/27, 55, 23, , , , 
2016/5/28, 52, 11, , , , 
2016/5/29, 28, 10, , , , 
2016/5/30, 21, 13, , , , 
2016/5/31, 36, 17, , , , 
2016/6/1, 45, 17, , , , 
2016/6/2, 46, 15, , , , 
2016/6/3, 43, 14, , , , 
2016/6/4, 43, 13, , , , 
2016/6/5, 28, 8, , , , 
2016/6/6, 20, 6, , , , 
2016/6/7, 16, 8, , , , 
2016/6/8, 22, 9, , , , 
2016/6/9, 22, 14, , , , 
2016/6/10, 41, 17, , , , 
2016/6/11, 44, 10, , , , 
2016/6/12, 30, 9, , , , 
2016/6/13, 26, 10, , , , 
2016/6/14, 27, 11, , , , 
2016/6/15, 26, 12, , , , 
2016/6/16, 31, 13, , , , 
2016/6/17, 32, 19, , , , 
2016/6/18, 46, 20, , , , 
2016/6/19, 52, 14, , , , 
2016/6/20, 40, 7, , , , 
2016/6/21, 19, 5, , , , 
2016/6/22, 17, 8, , , , 
2016/6/23, 24, 8, , , , 
2016/6/24, 26, 10, , , , 
2016/6/25, 27, 7, , , , 
2016/6/26, 17, 8, , , , 
2016/6/27, 24, 16, , , , 
2016/6/28, 50, 7, , , , 
2016/6/29, 18, 10, , , , 
2016/6/30, 25, 19, , , , 
2016/7/1, 52, 18, , , , 
2016/1/5, 12, 6, , , , 
2016/1/6, 13, 6, , , , 
2016/1/7, 11, 9, , , , 
2016/1/8, 17, 13, , , , 
2016/1/9, 20, 17, , , , 
2016/1/10, 25, 14, , , , 
2016/1/11, 25, 12, , , , 
2016/1/12, 26, 9, , , , 
2016/1/13, 15, 9, , , , 
2016/1/14, 14, 11, , , , 
2016/1/15, 19, 11, , , , 
2016/1/16, 17, 10, , , , 
2016/1/17, 14, 11, , , , 
2016/1/18, 13, 9, , , , 
2016/1/19, 10, 10, , , , 
2016/1/20, 15, 9, , , , 
2016/1/21, 13, 10, , , , 
2016/1/22, 16, 12, , , , 
2016/1/23, 17, 13, , , , 
2016/1/24, 22, 13, , , , 
2016/1/25, 24, 17, , , , 
2016/1/26, 35, 21, , , , 
2016/1/27, 56, 13, , , , 
2016/1/28, 29, 11, , , , 
2016/1/29, 18, 14, , , , 
2016/1/30, 29, 11, , , , 
2016/1/31, 20, 8, , , , 
2016/2/1, 13, 10, , , , 
2016/2/2, 17, 18, , , , 
2016/2/3, 29, 14, , , , 
2016/2/4, 26, 14, , , , 
2016/2/5, 30, 10, , , , 
2016/2/6, 17, 9, , , , 
2016/2/7, 16, 8, , , , 
2016/2/8, 10, 14, , , , 
2016/2/9, 18, 14, , , , 
2016/2/10, 20, 13, , , , 
2016/2/11, 18, 11, , , , 
2016/2/12, 17, 15, , , , 
2016/2/13, 23, 12, , , , 
2016/2/14, 17, 10, , , , 
2016/2/15, 16, 2, , , , 
2016/2/16, 4, 1, , , , 
2016/2/17, 2, 1, , , , 
2016/2/18, 4, 1, , , , 
2016/2/19, 2, 1, , , , 
2016/2/20, 2, 1, , , , 
2016/2/21, 5, 1, , , , 
2016/2/22, 2, 1, , , , 
2016/2/23, 1, 1, , , , 
2016/2/24, 3, 1, , , , 
2016/2/25, 6, 1, , , , 
2016/2/26, 3, 1, , , , 
2016/2/27, 3, 1, , , , 
2016/2/28, 3, 1, , , , 
2016/2/29, 2, 1, , , , 
2016/3/1, 4, 6, , , , 
2016/3/2, 12, 10, , , , 
2016/3/3, 20, 14, , , , 
2016/3/4, 25, 15, , , , 
2016/3/5, 21, 9, , , , 
2016/3/6, 14, 7, , , , 
2016/3/7, 14, 7, , , , 
2016/3/8, 12, 12, , , , 
2016/3/9, 27, 10, , , , 
2016/3/10, 20, 11, , , , 
2016/3/11, 21, 12, , , , 
2016/3/12, 24, 14, , , , 
2016/3/13, 25, 10, , , , 
2016/3/14, 17, 14, , , , 
2016/3/15, 20, 14, , , , 
2016/3/16, 23, 9, , , , 
2016/3/17, 17, 8, , , , 
2016/3/18, 16, 10, , , , 
2016/3/19, 19, 11, , , , 
2016/3/20, 23, 15, , , , 
2016/3/21, 30, 11, , , , 
2016/3/22, 19, 10, , , , 
2016/3/23, 15, 13, , , , 
2016/3/24, 22, 15, , , , 
2016/3/25, 29, 12, , , , 
2016/3/26, 20, 11, , , , 
2016/3/27, 21, 10, , , , 
2016/3/28, 29, 10, , , , 
2016/3/29, 30, 12, , , , 
2016/3/30, 31, 11, , , , 
2016/3/31, 27, 12, , , , 
2016/4/1, 31, 14, , , , 
2015/10/4, 9, 6, , 7, , 
2015/10/5, 5, 6, , 7, , 
2015/10/6, 10, 8, , 9, , 
2015/10/7, 10, 8, , 14, , 
2015/10/8, 2, 8, , 11, , 
2015/10/9, 9, 15, , 9, , 
2015/10/10, 5, 14, , 7, , 
2015/10/12, 48, 5, , 5, , 
2015/10/23, 21, 10, , 9, , 
2015/10/24, 26, 15, , 9, , 
2015/10/25, 19, 12, , 6, , 
2015/10/26, 16, 11, , 5, , 
2015/10/27, 13, 10, , 6, , 
2015/10/28, 15, 10, , 8, , 
2015/10/29, 15, 8, , 9, , 
2015/10/30, 10, 7, , 7, , 
2015/10/31, 14, 10, , 8, , 
2015/11/1, 20, 11, , 8, , 
2015/11/2, 18, 9, , 5, , 
2015/11/3, 13, 10, , 5, , 
2015/11/4, 24, 15, , 5, , 
2015/11/5, 31, 16, , 7, , 
2015/11/6, 25, 13, , 6, , 
2015/11/7, 19, 10, , 8, , 
2015/11/8, 28, 13, , 9, , 
2015/11/9, 32, 13, , 7, , 
2015/11/10, 19, 10, , 7, , 
2015/11/11, 17, 10, , 6, , 
2015/11/12, 17, 9, , 7, , 
2015/11/13, 13, 8, , 7, , 
2015/11/14, 17, 11, , 7, , 
2015/11/15, 18, 9, , 8, , 
2015/11/16, 20, 8, , 4, , 
2015/11/17, 15, 11, , 6, , 
2015/11/18, 14, 10, , 7, , 
2015/11/19, 20, 12, , 8, , 
2015/11/20, 23, 13, , 8, , 
2015/11/21, 26, 16, , 8, , 
2015/11/22, 23, 15, , 5, , 
2015/11/23, 36, 24, , 3, , 3
2015/11/24, 30, 20, , 5, , 4
2015/11/25, 30, 15, , 6, , 3
2015/11/26, 27, 15, , 4, , 3
2015/11/27, 24, 15, , 4, , 3
2015/11/28, 43, 22, , 4, , 3
2015/11/29, 41, 23, , 2, , 3
2015/11/30, 28, 14, , 3, , 
2015/12/1, 22, 13, , 4, , 3
2015/12/2, 33, 16, , 4, , 4
2015/12/3, 32, 15, , 9, , 3
2015/12/4, 34, 16, , 8, , 2
2015/12/5, 23, 16, , 7, , 2
2015/12/6, 16, 12, , 4, , 2
2015/12/7, 14, 10, , 3, , 2
2015/12/8, 15, 10, , 4, , 2
2015/12/9, 16, 10, , 5, , 
2015/12/10, 18, 11, , 4, , 2
2015/12/11, 21, 14, , 6, , 3
2015/12/12, 31, 17, , 7, , 3
2015/12/13, 34, 17, , 9, , 2
2015/12/14, 38, 17, , 5, , 2
2015/12/15, 31, 20, , 6, , 2
2015/12/16, 36, 21, , 6, , 2
2015/12/17, 22, 14, , 6, , 1
2015/12/18, 21, 13, , 5, , 2
2015/12/19, 15, 10, , 5, , 1
2015/12/20, 17, 11, , 4, , 1
2015/12/21, 16, 10, , 3, , 1
2015/12/22, 16, 13, , 4, , 
2015/12/23, 20, 16, , 4, , 1
2015/12/24, 17, 13, , 3, , 2
2015/12/25, 13, 9, , 6, , 1
2015/12/26, 11, 7, , 3, , 1
2015/12/27, 11, 6, , 2, , 
2015/12/28, 17, 8, , 3, , 1
2015/12/29, 18, 9, , 2, , 
2015/12/30, 15, 11, , 4, , 
2015/12/31, 14, 9, , 4, , 
2016/1/4, 16, 11, , , , 
2015/7/2, 42, 12, , 9, , 
2015/7/3, 31, 9, , 10, , 
2015/7/4, 25, 13, , 11, , 1
2015/7/5, 33, 17, , 10, , 2
2015/7/6, 52, 14, , 13, , 
2015/7/7, 39, 16, , 13, , 
2015/7/8, 42, 13, , 12, , 
2015/7/9, 31, 11, , 11, , 
2015/7/10, 27, 12, , 12, , 
2015/7/11, 31, 15, , 10, , 
2015/7/12, 43, 13, , 5, , 
2015/7/13, 28, 9, , 6, , 
2015/7/14, 15, 8, , 8, , 
2015/7/15, 16, 9, , 14, , 1
2015/7/16, 24, 17, , 12, , 1
2015/7/17, 50, 13, , 6, , 
2015/7/18, 34, 10, , 9, , 
2015/7/19, 23, 14, , 8, , 1
2015/7/20, 45, 10, , 11, , 
2015/7/21, 26, 13, , 12, , 1
2015/7/22, 30, 16, , 11, , 
2015/7/23, 41, 13, , 11, , 
2015/7/24, 35, 17, , 12, , 
2015/7/25, 44, 13, , 10, , 
2015/7/26, 36, 18, , 10, , 2
2015/7/27, 56, 13, , 9, , 
2015/7/28, 38, 11, , 10, , 
2015/7/29, 22, 14, , 12, , 
2015/7/30, 29, 17, , 13, , 
2015/7/31, 38, 18, , 14, , 1
2015/8/1, 43, 19, , 11, , 
2015/8/2, 50, 17, , 9, , 
2015/8/3, 50, 16, , 11, , 
2015/8/4, 41, 15, , 9, , 3
2015/8/5, 28, 6, , 8, , 1
2015/8/6, 3, 1, , 10, , 1
2015/8/8, 18, 25, , 13, , 3
2015/8/9, 64, 28, , 10, , 3
2015/8/10, 75, 23, , 12, , 2
2015/8/11, 63, 26, , 15, , 1
2015/8/12, 65, 30, , 11, , 1
2015/8/13, 72, 22, , 9, , 
2015/8/14, 55, 17, , 14, , 2
2015/8/15, 50, 29, , 12, , 2
2015/8/16, 72, 28, , 8, , 1
2015/8/17, 78, 19, , 11, , 1
2015/8/18, 60, 21, , 13, , 1
2015/8/19, 59, 27, , 13, , 1
2015/8/20, 71, 19, , 11, , 
2015/8/21, 51, 16, , 12, , 1
2015/8/22, 34, 11, , 8, , 1
2015/8/23, 25, 11, , 8, , 1
2015/8/24, 24, 9, , 9, , 
2015/8/25, 12, 10, , 12, , 1
2015/8/26, 9, 14, , 12, , 1
2015/8/27, 30, 13, , 16, , 1
2015/8/28, 33, 12, , 12, , 1
2015/8/29, 32, 12, , 10, , 1
2015/8/30, 33, 8, , 7, , 
2015/8/31, 21, 9, , 11, , 
2015/9/1, 26, 8, , 13, , 
2015/9/2, 23, 15, , 15, , 
2015/9/3, 47, 19, , 10, , 
2015/9/4, 46, 13, , 9, , 
2015/9/5, 15, 14, , 9, , 
2015/9/6, 27, 12, , 8, , 
2015/9/7, 22, 8, , 9, , 
2015/9/8, 12, 10, , 12, , 
2015/9/9, 14, 12, , 10, , 
2015/9/10, 27, 8, , 11, , 
2015/9/11, 6, 8, , 8, , 
2015/9/12, 6, 3, , 7, , 
2015/9/13, 3, 3, , 8, , 
2015/9/18, 21, 22, , 11, , 
2015/9/19, 68, 13, , 7, , 
2015/9/20, 41, 12, , 6, , 
2015/9/21, 36, 10, , 9, , 
2015/9/22, 29, 15, , 13, , 
2015/9/23, 31, 11, , 10, , 
2015/9/24, 17, 9, , 8, , 
2015/9/25, 16, 8, , 11, , 
2015/9/26, 13, 2, , 7, , 
2015/9/27, 9, 1, , 7, , 
2015/4/2, 23, 13, , 8, , 2
2015/4/3, 25, 10, , 4, , 1
2015/4/4, 18, 14, , 4, , 2
2015/4/5, 22, 11, , 4, , 2
2015/4/6, 24, 8, , 4, , 2
2015/4/7, 20, 10, , 9, , 3
2015/4/8, 26, 15, , 7, , 2
2015/4/9, 28, 12, , 8, , 2
2015/4/10, 23, 14, , 9, , 2
2015/4/11, 29, 16, , 6, , 2
2015/4/12, 30, 9, , 5, , 2
2015/4/13, 16, 12, , 8, , 2
2015/4/14, 26, 17, , 9, , 3
2015/4/15, 30, 19, , 10, , 3
2015/4/16, 35, 15, , 9, , 3
2015/4/17, 34, 14, , 9, , 2
2015/4/18, 32, 13, , 6, , 2
2015/4/19, 28, 12, , 6, , 2
2015/4/20, 23, 11, , 8, , 3
2015/4/21, 25, 10, , 7, , 2
2015/4/22, 21, 10, , 8, , 2
2015/4/23, 19, 9, , 12, , 3
2015/4/24, 24, 16, , 13, , 3
2015/4/25, 42, 16, , 9, , 3
2015/4/26, 44, 17, , 6, , 2
2015/4/27, 34, 14, , 11, , 3
2015/4/28, 25, 16, , 9, , 3
2015/4/29, 33, 15, , 9, , 2
2015/4/30, 30, 12, , 9, , 3
2015/5/1, 27, 10, , 6, , 2
2015/5/2, 25, 7, , 7, , 3
2015/5/3, 13, 9, , 9, , 3
2015/5/4, 24, 12, , 11, , 4
2015/5/5, 36, 17, , 13, , 4
2015/5/6, 41, 16, , 18, , 5
2015/5/7, 35, 26, , 10, , 4
2015/5/8, 40, 27, , 8, , 3
2015/5/9, 35, 17, , 8, , 3
2015/5/10, 32, 11, , 5, , 2
2015/5/11, 24, 11, , 9, , 3
2015/5/12, 25, 15, , 9, , 3
2015/5/13, 28, 18, , 7, , 3
2015/5/14, 35, 14, , 9, , 3
2015/5/15, 26, 15, , 9, , 4
2015/5/16, 36, 13, , 4, , 3
2015/5/17, 27, 8, , 4, , 2
2015/5/18, 16, 9, , 7, , 2
2015/5/19, 19, 11, , 9, , 4
2015/5/20, 25, 13, , 8, , 4
2015/5/21, 33, 14, , 8, , 3
2015/5/22, 39, 12, , 5, , 3
2015/5/23, 31, 8, , 9, , 3
2015/5/24, 17, 13, , 3, , 3
2015/5/25, 28, 14, , 7, , 3
2015/5/26, 28, 15, , 7, , 3
2015/5/27, 33, 15, , 9, , 4
2015/5/28, 36, 14, , 13, , 4
2015/5/29, 35, 16, , 14, , 5
2015/5/30, 41, 15, , 10, , 4
2015/5/31, 42, 17, , 11, , 4
2015/6/1, 49, 13, , 9, , 3
2015/6/2, 33, 9, , , , 
2015/6/3, 17, 16, , 13, , 
2015/6/4, 47, 23, , 18, , 2
2015/6/5, 56, 19, , 13, , 
2015/6/6, 47, 12, , 8, , 
2015/6/7, 27, 9, , 7, , 
2015/6/8, 20, 11, , 8, , 
2015/6/9, 27, 15, , 14, , 1
2015/6/10, 39, 22, , 12, , 1
2015/6/11, 52, 15, , 10, , 
2015/6/12, 34, 10, , 11, , 
2015/6/13, 22, 9, , 8, , 
2015/6/14, 23, 7, , 7, , 
2015/6/15, 18, 8, , 10, , 
2015/6/16, 22, 9, , 11, , 
2015/6/17, 22, 12, , 13, , 
2015/6/18, 30, 12, , 11, , 
2015/6/19, 34, 10, , 11, , 
2015/6/20, 29, 9, , 9, , 
2015/6/21, 25, 9, , 8, , 
2015/6/22, 26, 12, , 9, , 
2015/6/23, 29, 12, , 13, , 
2015/6/24, 31, 13, , 10, , 
2015/6/25, 35, 10, , 10, , 
2015/6/26, 31, 11, , 9, , 
2015/6/27, 32, 8, , 8, , 
2015/6/28, 20, 8, , 5, , 
2015/6/29, 22, 7, , 9, , 
2015/6/30, 19, 10, , 13, , 1
2015/7/1, 25, 17, , 12, , 1
2015/1/2, 30, 12, , 1, , 
2015/1/3, 23, 16, , 2, , 
2015/1/4, 23, 17, , 3, , 
2015/1/5, 25, 14, , 6, , 2
2015/1/6, 24, 14, , 4, , 1
2015/1/7, 26, 21, , 6, , 1
2015/1/8, 55, , , , , 
2015/1/24, 18, 6, , 5, , 2
2015/1/25, 13, 11, , 5, , 2
2015/1/26, 18, 16, , 3, , 1
2015/1/27, 29, 16, , 4, , 1
2015/1/28, 30, 15, , 8, , 1
2015/1/29, 24, 14, , 6, , 1
2015/1/30, 22, 17, , 6, , 1
2015/1/31, 27, 14, , 6, , 
2015/2/1, 26, 16, , 5, , 1
2015/2/2, 30, 13, , 6, , 1
2015/2/3, 25, 10, , 5, , 1
2015/2/4, 20, 13, , 6, , 1
2015/2/5, 19, 12, , 6, , 1
2015/2/6, 17, 10, , 6, , 1
2015/2/7, 18, , , , , 
2015/2/10, 14, 7, , 5, , 1
2015/2/11, 14, 8, , 6, , 1
2015/2/12, 16, 11, , 5, , 1
2015/2/13, 22, 16, , 6, , 2
2015/2/14, 31, 16, , 4, , 1
2015/2/15, 25, 13, , 4, , 1
2015/2/16, 21, 12, , 5, , 1
2015/2/17, 20, 13, , 6, , 1
2015/2/18, 24, 15, , 7, , 2
2015/2/19, 28, 15, , 5, , 1
2015/2/20, 26, 9, , 7, , 2
2015/2/21, 17, 5, , 5, , 2
2015/2/22, 12, 5, , 4, , 1
2015/2/23, 9, 8, , 6, , 1
2015/2/24, 15, 10, , 6, , 1
2015/2/25, 18, 10, , 6, , 1
2015/2/26, 18, 13, , 6, , 1
2015/2/27, 22, 12, , 6, , 2
2015/2/28, 24, 14, , 4, , 1
2015/3/1, 33, 13, , 5, , 1
2015/3/2, 25, 13, , 7, , 1
2015/3/3, 24, 9, 1, 7, , 1
2015/3/4, 11, 16, 1, 9, , 2
2015/3/5, 26, 17, 1, 8, , 2
2015/3/6, 31, 32, 1, 5, , 1
2015/3/7, 48, 35, 1, 5, , 1
2015/3/8, 50, 26, 1, 6, , 1
2015/3/9, 46, 19, 1, 6, , 1
2015/3/10, 34, 17, , 5, , 2
2015/3/11, 28, 15, , 6, , 1
2015/3/12, 27, 14, , 6, , 2
2015/3/13, 26, 13, , 7, , 2
2015/3/14, 24, 15, , 6, , 1
2015/3/15, 30, 16, , 5, , 1
2015/3/16, 29, 15, , 7, , 1
2015/3/17, 31, 21, , 7, , 1
2015/3/18, 28, 20, , 9, , 2
2015/3/19, 32, 19, , 7, , 2
2015/3/20, 35, 22, , 6, , 2
2015/3/21, 39, 20, , 7, , 2
2015/3/22, 44, 12, , 7, , 2
2015/3/23, 33, 10, , 5, , 2
2015/3/24, 26, 11, , 6, , 2
2015/3/25, 25, 11, , 6, , 2
2015/3/26, 23, 13, , 7, , 3
2015/3/27, 26, 17, , 8, , 2
2015/3/28, 37, 26, , 6, , 2
2015/3/29, 43, 19, , 5, , 1
2015/3/30, 29, 18, , 9, , 2
2015/3/31, 33, 17, , 10, , 3
2015/4/1, 32, 11, , 9, , 2
2014/10/2, 28, 28, , 8, , 1
2014/10/3, 31, 35, , 268, , 16
2014/10/4, 60, 37, , 500, , 13
2014/10/5, 75, 25, , 500, , 15
2014/10/6, 65, 25, , 500, , 
2014/10/7, 73, 17, , 429, , 12
2014/10/8, 47, 20, , 9, , 2
2014/10/9, 37, 24, , 7, , 1
2014/10/10, 38, 16, , 9, , 1
2014/10/11, 22, 14, , 9, , 2
2014/10/12, 20, 13, , 7, , 2
2014/10/13, 21, 14, , 7, , 2
2014/10/14, 21, 14, , 10, , 2
2014/10/15, 21, 11, , 10, , 1
2014/10/16, 15, 9, , 11, , 1
2014/10/17, 16, 13, , 11, , 2
2014/10/18, 23, 12, , 7, , 1
2014/10/19, 22, 11, , 6, , 1
2014/10/20, 14, 14, , 9, , 1
2014/10/21, 22, 17, , 9, , 1
2014/10/22, 29, 15, , 8, , 1
2014/10/23, 20, 14, , 10, , 2
2014/10/24, 21, 12, , 7, , 2
2014/10/25, 17, 12, , 6, , 1
2014/10/26, 16, 25, , 5, , 2
2014/10/27, 53, 25, , 8, , 2
2014/10/28, 47, 30, , 10, , 2
2014/10/29, 46, 36, , 9, , 2
2014/10/30, 51, 26, , 8, , 1
2014/10/31, 40, 22, , 7, , 4
2014/11/1, 37, 19, , 6, , 7
2014/11/2, 34, 18, , 6, , 7
2014/11/3, 28, 23, , 7, , 6
2014/11/4, 26, 18, , 8, , 6
2014/11/5, 21, 16, , 8, , 6
2014/11/6, 22, 14, , 8, , 
2014/11/7, 21, 16, , 8, , 5
2014/11/8, 24, 16, , 6, , 4
2014/11/9, 26, 16, , 6, , 2
2014/11/10, 24, 13, , 7, , 2
2014/11/11, 22, 16, , 7, , 1
2014/11/12, 24, 18, , 7, , 
2014/11/13, 28, 13, , 5, , 1
2014/11/14, 23, 12, , 5, , 
2014/11/15, 21, 16, , 5, , 
2014/11/16, 23, 26, , 8, , 2
2014/11/17, 49, 29, , 7, , 1
2014/11/18, 51, 25, , 9, , 2
2014/11/19, 36, 19, , 8, , 2
2014/11/20, 37, 11, , 6, , 2
2014/11/21, 25, 3, , 4, , 
2014/11/22, 5, 18, , 3, , 
2014/11/23, 30, 21, , 2, , 
2014/11/24, 32, 16, , 4, , 1
2014/11/25, 26, 19, , 4, , 
2014/11/26, 28, 18, , 5, , 
2014/11/27, 27, 18, , 6, , 
2014/11/28, 28, 14, , 6, , 
2014/11/29, 23, 14, , 4, , 
2014/11/30, 21, 15, , 4, , 
2014/12/1, 22, 15, , 6, , 1
2014/12/2, 23, 13, , 6, , 1
2014/12/3, 18, 14, , 6, , 2
2014/12/4, 22, 17, , 5, , 2
2014/12/5, 22, 16, , 6, , 2
2014/12/6, 21, 15, , 5, , 2
2014/12/7, 26, 10, , 4, , 
2014/12/8, 20, 17, , 7, , 2
2014/12/9, 35, 18, , 9, , 2
2014/12/10, 43, 17, , 8, , 2
2014/12/11, 41, 19, , 8, , 3
2014/12/12, 43, 15, , 8, , 2
2014/12/13, 30, 12, , 5, , 1
2014/12/14, 21, 13, , 4, , 
2014/12/15, 18, 15, , 5, , 1
2014/12/16, 23, 20, , 6, , 1
2014/12/17, 33, 27, , 8, , 2
2014/12/18, 46, 35, , 9, , 2
2014/12/19, 59, 22, , 8, , 1
2014/12/20, 45, 24, , 4, , 1
2014/12/21, 38, 22, , 2, , 
2014/12/22, 31, 14, , 3, , 
2014/12/23, 21, 10, , 4, , 
2014/12/24, 14, 12, , 4, , 
2014/12/25, 20, 12, , 2, , 
2014/12/26, 20, 9, , 2, , 
2014/12/27, 17, 10, , 5, , 
2014/12/28, 16, 5, , 5, , 1
2014/12/29, 13, , , , , 
2014/7/2, 15, 18, , 12, , 3
2014/7/3, 45, 19, , 11, , 3
2014/7/4, 50, 23, , 13, , 3
2014/7/5, 53, 21, , 11, , 3
2014/7/6, 53, 15, , 7, , 3
2014/7/7, 44, 9, , 10, , 3
2014/7/8, 16, 11, , 12, , 3
2014/7/9, 26, 18, , 12, , 3
2014/7/10, 45, 22, , 7, , 1
2014/7/11, 41, 18, , 10, , 3
2014/7/12, 31, 17, , 9, , 6
2014/7/13, 41, 10, , 7, , 2
2014/7/14, 20, 12, , 9, , 2
2014/7/15, 30, 14, , 10, , 3
2014/7/16, 27, 23, , 12, , 5
2014/7/17, 55, 24, , 10, , 4
2014/7/18, 59, 11, , 6, , 1
2014/7/19, 20, 6, , 7, , 2
2014/7/20, 8, 1, , 8, , 2
2014/7/21, 1, 3, , 9, , 2
2014/7/22, 4, 11, , 10, , 2
2014/7/23, 21, 13, , 9, , 2
2014/7/24, 33, 13, , 9, , 2
2014/7/25, 29, 16, , 11, , 3
2014/7/26, 41, 16, , 10, , 4
2014/7/27, 45, 9, , 12, , 3
2014/7/28, 25, 12, , 11, , 2
2014/7/29, 36, 16, , 14, , 3
2014/7/30, 41, 19, , 13, , 3
2014/7/31, 49, 25, , 11, , 4
2014/8/1, 58, 20, , 14, , 3
2014/8/2, 52, 17, , 5, , 3
2014/8/3, 36, 18, , 6, , 1
2014/8/4, 50, 13, , 10, , 2
2014/8/5, 37, 11, , 9, , 1
2014/8/6, 26, 10, , 10, , 1
2014/8/7, 23, 14, , 12, , 3
2014/8/8, 36, 18, , 11, , 2
2014/8/9, 44, 12, , 7, , 1
2014/8/10, 24, 12, , 7, , 2
2014/8/11, 30, 12, , 9, , 1
2014/8/12, 28, 15, , 9, , 1
2014/8/13, 33, 10, , 6, , 1
2014/8/14, 20, 9, , 8, , 
2014/8/15, 19, 10, , 9, , 1
2014/8/16, 20, 9, , 8, , 1
2014/8/17, 20, 7, , 3, , 1
2014/8/18, 14, 6, , 5, , 
2014/8/19, 14, 7, , 6, , 1
2014/8/20, 17, 9, , 10, , 1
2014/8/21, 23, 12, , 11, , 1
2014/8/22, 23, 8, , 12, , 1
2014/8/23, 17, 5, , 9, , 1
2014/8/24, 14, 6, , 9, , 
2014/8/25, 16, 8, , 10, , 1
2014/8/26, 16, 9, , 9, , 1
2014/8/27, 18, 9, , 9, , 
2014/8/28, 19, 8, , 10, , 
2014/8/29, 16, 13, , 11, , 1
2014/8/30, 22, 16, , 11, , 1
2014/8/31, 28, 14, , 9, , 1
2014/9/1, 34, 15, , 10, , 1
2014/9/2, 31, 16, , 11, , 1
2014/9/3, 35, 11, , 8, , 
2014/9/4, 20, 8, , 11, , 1
2014/9/5, 16, 14, , 11, , 1
2014/9/6, 29, 12, , 8, , 
2014/9/7, 19, 13, , 8, , 
2014/9/8, 21, 10, , 9, , 1
2014/9/9, 18, 9, , 8, , 
2014/9/10, 17, 15, , 10, , 1
2014/9/11, 26, 21, , 12, , 1
2014/9/12, 39, 21, , 10, , 1
2014/9/13, 39, 17, , 8, , 
2014/9/14, 32, 10, , 6, , 
2014/9/15, 20, 12, , 9, , 1
2014/9/16, 25, 16, , 9, , 
2014/9/17, 29, 19, , 12, , 1
2014/9/18, 38, 20, , 11, , 1
2014/9/19, 51, 16, , 10, , 1
2014/9/20, 32, 16, , 8, , 
2014/9/21, 31, 11, , 5, , 
2014/9/22, 20, 9, , 7, , 
2014/9/23, 12, 10, , 10, , 1
2014/9/24, 14, 12, , 10, , 2
2014/9/25, 21, 18, , 12, , 3
2014/9/26, 35, 18, , 9, , 2
2014/9/27, 45, 14, , 9, , 2
2014/9/28, 25, 11, , 7, , 1
2014/9/29, 22, 11, , 10, , 2
2014/9/30, 21, 14, , 10, , 2
2014/10/1, 24, 18, , 10, , 1
2014/6/2, 22, 14, , 8, , 3
2014/6/3, 33, 14, , 13, , 4
2014/6/4, 38, 20, , 10, , 3
2014/6/5, 51, 18, , 10, , 2
2014/6/6, 43, 15, , 8, , 2
2014/6/7, 33, 11, , 7, , 2
2014/6/8, 26, 7, , 5, , 1
2014/6/9, 17, 8, , 5, , 1
2014/6/10, 17, 10, , 8, , 2
2014/6/11, 17, 13, , 9, , 2
2014/6/12, 18, 14, , 8, , 2
2014/6/13, 20, 13, , 8, , 2
2014/6/14, 24, 12, , 6, , 2
2014/6/15, 32, 9, , 4, , 1
2014/6/16, 21, 8, , 8, , 3
2014/6/17, 18, 12, , 11, , 4
2014/6/18, 33, 15, , 11, , 3
2014/6/19, 37, 16, , 10, , 3
2014/6/20, 33, 13, , 10, , 3
2014/6/21, 34, 16, , 9, , 2
2014/6/22, 45, 12, , 7, , 2
2014/6/23, 33, 12, , 9, , 2
2014/6/24, 32, 15, , 8, , 1
2014/6/25, 34, 11, , 7, , 2
2014/6/26, 19, 10, , 11, , 2
2014/6/27, 18, 20, , 11, , 4
2014/6/28, 44, 17, , 8, , 1
2014/6/29, 39, 11, , 3, , 1
2014/6/30, 20, 8, , 8, , 3
2014/7/1, 12, 8, , 11, , 2
2020/1/1, , 16, , 2, , 
2019/10/13, , 9, , , , 
2019/5/20, , 24, , , , 
2019/1/1, , 18, , , , 
2018/10/31, , 17, , , , 
2018/7/24, , 23, , , , 
2017/12/20, , 15, , , , 
2017/9/10, , 17, , , , 
2017/5/22, , 8, , , , 
2016/4/4, , 5, , , , 
2015/10/2, , 1, , 11, , 
2015/10/11, , 7, , 6, , 
2015/10/13, , 1, , 6, , 
2015/10/14, , 2, , 7, , 
2015/10/15, , 5, , 8, , 
2015/10/16, , 3, , 7, , 
2015/10/17, , 4, , 8, , 
2015/10/18, , 6, , 7, , 
2015/10/19, , 3, , 5, , 
2015/10/20, , 2, , 7, , 
2015/10/21, , 5, , 9, , 
2015/10/22, , 8, , 8, , 
2015/8/7, , 8, , 14, , 2
2015/9/14, , 3, , 10, , 
2015/9/15, , 3, , 10, , 
2015/9/16, , 1, , 9, , 
2015/9/17, , 6, , 15, , 1
2015/9/28, , 3, , 9, , 
2015/9/29, , 2, , 11, , 
2015/9/30, , 1, , 10, , 
2015/10/1, , 1, , 11, , 
2015/10/3, , 7, , 8, , 
2015/1/1, , 14, , 1, , 1
2015/1/23, , 8, , 9, , 3
2015/2/9, , 7, , 4, , 1
2014/6/1, , 9, , 13, , 2
2016/1/3, , , , , , 