location,date, pm25, pm10, o3, no2, so2, co
Johannesburg,2019-01-02, 73, 48, 11, 5,0,0
Johannesburg,2019-01-03, 95, 16, 4, 6,0,0
Johannesburg,2019-01-04, 29, 43, 7, 6, 1,0
Johannesburg,2019-01-05, 92, 35, 11, 5, 1,0
Johannesburg,2019-01-06, 77, 44, 13, 5, 1,0
Johannesburg,2019-01-07, 82, 48, 9, 5, 1,0
Johannesburg,2019-01-08, 95, 28, 12, 5, 1,0
Johannesburg,2019-01-09, 59, 23, 14, 7, 1,0
Johannesburg,2019-01-10, 63, 38, 13, 6, 1,0
Johannesburg,2019-01-11, 46, 35, 14, 6, 1,0
Johannesburg,2019-01-12, 63, 40, 15, 4, 1,0
Johannesburg,2019-01-13, 61, 31, 15, 5, 1,0
Johannesburg,2019-01-14, 64,0, 14, 8, 1,0
Johannesburg,2019-01-15, 95,0, 15, 5, 2,0
Johannesburg,2019-01-16, 76, 45, 14, 8, 4,0
Johannesburg,2019-01-17, 103, 43, 12, 7, 6,0
Johannesburg,2019-01-18, 77, 28, 16, 7, 1,0
Johannesburg,2019-01-19, 55, 28, 12, 3, 1,0
Johannesburg,2019-01-20, 36, 21, 7, 4, 3,0
Johannesburg,2019-01-21,0, 32, 13, 7, 4, 2
Johannesburg,2019-01-22,0, 53, 17, 11, 4, 5
Johannesburg,2019-01-23,0, 44, 18, 9, 2, 6
Johannesburg,2019-01-24,0, 45, 18, 8, 2, 6
Johannesburg,2019-01-25,0, 33, 14, 5,0, 6
Johannesburg,2019-01-26,0, 29, 14, 6,0, 6
Johannesburg,2019-01-27,0, 30, 14, 5, 1, 6
Johannesburg,2019-01-28,0, 22, 14, 6,0, 7
Johannesburg,2019-01-29,0, 26, 13, 5,0, 6
Johannesburg,2019-01-30,0, 38, 17, 5, 1, 6
Johannesburg,2019-01-31,0, 50, 16, 7, 1, 7
Johannesburg,2019-02-01, 97, 65, 10, 9, 2, 7
Johannesburg,2019-02-02, 129, 52, 9, 7, 2, 6
Johannesburg,2019-02-03, 111, 50, 10, 7, 1, 6
Johannesburg,2019-02-04, 102, 42, 12, 7,0, 6
Johannesburg,2019-02-05, 90, 46, 11, 10, 2, 7
Johannesburg,2019-02-06, 89, 48, 13, 9, 1, 7
Johannesburg,2019-02-07, 92, 64, 14, 11, 1, 8
Johannesburg,2019-02-08, 124, 56, 14, 5, 1, 5
Johannesburg,2019-02-09, 107, 63, 14, 8, 2, 5
Johannesburg,2019-02-10, 121, 44, 10, 4, 1, 4
Johannesburg,2019-02-11, 86, 79, 11, 7, 1, 6
Johannesburg,2019-02-12, 107, 10, 12, 9, 1, 4
Johannesburg,2019-02-13, 34,0, 6, 9, 1,0
Johannesburg,2019-02-14, 140, 35, 6, 8, 2,0
Johannesburg,2019-02-15, 67, 40, 5, 5, 2,0
Johannesburg,2019-02-16, 80, 25, 8, 3,0, 4
Johannesburg,2019-02-17, 59, 54, 6, 5, 2, 1
Johannesburg,2019-02-18, 117,0,0, 5, 3, 2
Johannesburg,2019-02-19,0,0,0, 8, 3, 4
Johannesburg,2019-02-20,0, 40, 7, 6, 1, 4
Johannesburg,2019-02-21, 92, 24, 11, 7, 1, 4
Johannesburg,2019-02-22, 56, 37, 15, 5, 1, 4
Johannesburg,2019-02-23, 80, 14, 9, 5,0, 2
Johannesburg,2019-02-24, 43,0,0,0,0,0
Johannesburg,2019-02-25,0, 15, 11, 8, 1, 11
Johannesburg,2019-02-26, 66, 17, 13, 5, 1, 9
Johannesburg,2019-02-27, 44, 19, 11, 6, 1, 7
Johannesburg,2019-02-28, 56, 22, 10, 8, 2, 7
Johannesburg,2019-03-01, 54, 27, 13, 13, 2, 8
Johannesburg,2019-03-02, 60, 34, 11, 8, 1, 7
Johannesburg,2019-03-03, 86, 34, 12, 7, 2, 6
Johannesburg,2019-03-04, 92, 32, 12, 7, 1, 7
Johannesburg,2019-03-05, 94, 40, 15, 9, 1, 8
Johannesburg,2019-03-06, 103, 24, 15, 8, 1, 7
Johannesburg,2019-03-07, 75, 31, 14, 10, 1, 9
Johannesburg,2019-03-08, 86, 38, 15, 15, 1, 9
Johannesburg,2019-03-09, 102, 29, 11, 7, 1, 7
Johannesburg,2019-03-10, 86, 25, 18, 8, 2, 6
Johannesburg,2019-03-11, 67, 28, 9, 6, 1, 5
Johannesburg,2019-03-12, 81, 21, 8, 9, 2, 6
Johannesburg,2019-03-13, 62, 25, 20, 8, 2, 4
Johannesburg,2019-03-14, 66, 37, 12, 11, 7, 5
Johannesburg,2019-03-15, 91, 36, 6, 10, 9, 4
Johannesburg,2019-03-16, 69, 12, 3, 12, 11, 6
Johannesburg,2019-03-17, 50, 17, 14, 9, 2, 5
Johannesburg,2019-03-18, 57, 18, 11, 10, 1, 6
Johannesburg,2019-03-19, 59, 12, 15, 11, 3, 8
Johannesburg,2019-03-20, 52, 29, 14, 12, 2, 7
Johannesburg,2019-03-21, 78, 24, 15, 10, 2, 7
Johannesburg,2019-03-22, 34, 23, 12, 9, 2, 6
Johannesburg,2019-03-23, 68, 12, 11, 8, 2, 5
Johannesburg,2019-03-24, 47, 20, 11, 7, 1, 5
Johannesburg,2019-03-25, 48, 24, 12, 9, 2, 6
Johannesburg,2019-03-26, 57, 30, 15, 12, 4, 7
Johannesburg,2019-03-27, 76, 24, 9, 6, 3, 5
Johannesburg,2019-03-28, 72, 26, 12, 7, 2, 6
Johannesburg,2019-03-29, 64, 28, 15, 9, 2, 8
Johannesburg,2019-03-30, 60, 36, 13, 9, 3, 6
Johannesburg,2020-01-02, 321,0, 27, 6, 1, 3
Johannesburg,2020-01-03, 66, 19, 20, 5, 1, 2
Johannesburg,2020-01-04, 66, 36, 21, 5, 1, 2
Johannesburg,2020-01-05, 117, 23, 21, 4,0, 2
Johannesburg,2020-01-06, 44, 43, 21, 10, 1, 5
Johannesburg,2020-01-07, 123, 23, 18, 6, 1, 3
Johannesburg,2020-01-08, 65, 34, 12, 7, 1, 6
Johannesburg,2020-01-09, 75, 29, 11, 7, 1, 6
Johannesburg,2020-01-10, 202,0,0,0,0,0
Johannesburg,2020-01-12,0, 49, 16, 5, 2, 4
Johannesburg,2020-01-13, 179, 59, 16, 6, 4, 5
Johannesburg,2020-01-14, 181, 27, 17, 5, 2, 4
Johannesburg,2020-01-15, 75, 18, 14, 5, 2, 3
Johannesburg,2020-01-16, 63, 35, 20, 7, 5, 4
Johannesburg,2020-01-17, 99, 33, 19, 8, 3, 5
Johannesburg,2020-01-18, 92, 79, 19, 6, 1, 4
Johannesburg,2020-01-19, 261, 187, 9, 5, 2, 3
Johannesburg,2020-01-20, 281, 30, 9, 6, 3, 4
Johannesburg,2020-01-21, 85, 44, 15, 6, 3, 5
Johannesburg,2020-01-22, 121, 50, 17, 6, 1, 5
Johannesburg,2020-01-23, 174, 32, 17, 7, 1, 5
Johannesburg,2020-01-24, 99, 29, 14, 7, 1, 4
Johannesburg,2020-01-25, 83, 19, 20, 5, 1, 3
Johannesburg,2020-01-26, 72, 32, 13, 4, 1, 3
Johannesburg,2020-01-27, 95, 26, 15, 7, 2, 2
Johannesburg,2020-01-28, 64, 27, 16, 6,0, 2
Johannesburg,2020-01-29, 83, 38, 16, 8, 1, 3
Johannesburg,2020-01-30, 102, 43, 21, 9, 1, 2
Johannesburg,2020-01-31, 111, 16, 14, 9,0, 4
Johannesburg,2020-02-01, 49, 28, 13, 9, 1, 3
Johannesburg,2020-02-02, 72, 35, 11, 9, 2, 3
Johannesburg,2020-02-03, 106, 18, 8, 10, 4, 4
Johannesburg,2020-02-04, 51, 31, 15,0, 1, 5
Johannesburg,2020-02-05, 75, 29, 10,0, 2, 6
Johannesburg,2020-02-06, 99, 71, 9,0, 1, 6
Johannesburg,2020-02-07, 168, 43, 2,0, 1, 8
Johannesburg,2020-02-08, 569,0, 2,0,0, 3
Johannesburg,2020-02-09, 513,0,0,0,0,0
Johannesburg,2020-02-10,0, 42, 1,0,0, 37
Johannesburg,2020-02-11, 143, 30, 3,0, 1, 30
Johannesburg,2020-02-12, 109, 16, 3,0, 1, 29
Johannesburg,2020-02-13, 45, 26, 7,0,0, 29
Johannesburg,2020-02-14, 75, 44, 16, 3,0, 30
Johannesburg,2020-02-15, 106, 44, 8,0, 2, 26
Johannesburg,2020-02-16, 207, 8, 5,0, 2, 28
Johannesburg,2020-02-17, 21, 31, 12,0, 1, 28
Johannesburg,2020-02-18, 88, 66, 7,0,0, 27
Johannesburg,2020-02-19, 268, 53, 5,0,0, 27
Johannesburg,2020-02-20, 132, 44, 7, 1, 3, 17
Johannesburg,2020-02-21, 130, 40, 4,0, 3, 5
Johannesburg,2020-02-22, 104, 35, 8,0,0, 4
Johannesburg,2020-02-23, 108, 19, 6,0, 2, 1
Johannesburg,2020-02-24, 55, 22, 6,0, 2, 1
Johannesburg,2020-02-25, 58, 30, 6, 18, 1, 4
Johannesburg,2020-02-26, 68, 36, 12, 11, 2, 4
Johannesburg,2020-02-27, 90, 49, 13, 13, 1, 4
Johannesburg,2020-02-28, 121, 67, 7, 11, 2, 2
Johannesburg,2020-02-29, 225, 22, 1, 8, 2, 3
Johannesburg,2020-03-01, 61, 22, 3, 8, 2, 3
Johannesburg,2020-03-02, 63, 24, 5, 8,0, 4
Johannesburg,2020-03-03, 68, 57, 4, 17, 4, 4
Johannesburg,2020-03-04, 123, 29, 5, 8, 3, 4
Johannesburg,2020-03-05, 72, 27, 10,0, 2, 4
Johannesburg,2020-03-06, 65, 28, 6, 8, 3, 5
Johannesburg,2020-03-07, 71, 27, 6, 7, 3, 5
Johannesburg,2020-03-08, 61, 20, 8, 6, 3, 4
Johannesburg,2020-03-09, 58, 31, 14, 8, 1, 6
Johannesburg,2020-03-10, 75, 26, 7, 7, 1, 6
Johannesburg,2020-03-11, 76, 49, 5, 6, 1, 7
Johannesburg,2020-03-12, 122, 30, 6, 7, 1, 7
Johannesburg,2020-03-13, 80,0, 1, 6, 1, 11
Johannesburg,2020-03-14, 81,0, 5,0, 1, 7
Johannesburg,2020-03-15, 57,0, 8,0, 1, 4
Johannesburg,2020-03-16, 42, 36, 10,0, 2, 7
Johannesburg,2020-03-17, 108, 21, 2,0, 3, 4
Johannesburg,2020-03-18, 51, 30, 5,0, 1, 7
Johannesburg,2020-03-19, 80, 30, 10,0, 2, 7
Johannesburg,2020-03-20, 87, 34, 9,0, 1, 6
Johannesburg,2020-03-21, 83, 36, 12,0, 1, 4
Johannesburg,2020-03-22, 95, 21, 8,0, 1, 4
Johannesburg,2020-03-23, 66, 32, 6,0, 1, 5
Johannesburg,2020-03-24, 83, 23, 9,0, 1, 7
Johannesburg,2020-03-25, 57, 23, 9,0, 1, 6
Johannesburg,2020-03-26, 51, 15, 10, 8, 1, 4
Johannesburg,2020-03-27, 57, 23, 10, 5, 1, 2
Johannesburg,2020-03-28, 59, 14, 8, 3, 1, 2
Johannesburg,2020-03-29, 54, 26, 8, 3, 1, 3
Johannesburg,2020-03-30, 62, 18, 6, 6, 1, 3
Los Angeles,2019-01-02, 65, 24, 20, 24, 1, 6
Los Angeles,2019-01-03, 42, 29, 19, 28, 1, 7
Los Angeles,2019-01-04, 41, 39, 11, 33, 1, 9
Los Angeles,2019-01-05, 60, 37, 18, 25, 1, 9
Los Angeles,2019-01-06, 66, 14, 28, 9,0, 3
Los Angeles,2019-01-07, 35, 17, 21, 15,0, 4
Los Angeles,2019-01-08, 30, 23, 16, 22, 1, 6
Los Angeles,2019-01-09, 36, 30, 18, 24, 1, 7
Los Angeles,2019-01-10, 55, 28, 17, 20, 1, 7
Los Angeles,2019-01-11, 51, 35, 10, 22,0, 6
Los Angeles,2019-01-12, 70, 14, 26, 14, 1, 4
Los Angeles,2019-01-13, 32, 15, 24, 16,0, 4
Los Angeles,2019-01-14, 30, 10, 21, 13,0, 2
Los Angeles,2019-01-15, 28, 10, 24, 14,0, 3
Los Angeles,2019-01-16, 25, 8, 20, 13,0, 2
Los Angeles,2019-01-17, 21, 10, 18, 12,0, 2
Los Angeles,2019-01-18, 23, 31, 12, 17,0, 5
Los Angeles,2019-01-19, 51, 22, 24, 17,0, 6
Los Angeles,2019-01-20, 44, 18, 19, 15,0, 4
Los Angeles,2019-01-21, 32, 12, 31, 4,0, 2
Los Angeles,2019-01-22, 17, 23, 25, 20, 1, 5
Los Angeles,2019-01-23, 28, 25, 16, 26, 1, 7
Los Angeles,2019-01-24, 38, 30, 18, 29, 1, 8
Los Angeles,2019-01-25, 41, 27, 8, 31, 1, 8
Los Angeles,2019-01-26, 35, 24, 23, 28, 3, 7
Los Angeles,2019-01-27, 36, 22, 29, 23, 1, 6
Los Angeles,2019-01-28, 40, 47, 12, 37, 2, 10
Los Angeles,2019-01-29, 76, 51, 20, 34, 2, 11
Los Angeles,2019-01-30, 92, 39, 21, 22, 1, 6
Los Angeles,2019-01-31, 67, 30, 15, 19,0, 5
Los Angeles,2019-02-01, 55, 18, 21, 18,0, 5
Los Angeles,2019-02-02, 38, 7, 27, 9,0, 2
Los Angeles,2019-02-03, 20, 9, 25, 9,0, 2
Los Angeles,2019-02-04, 24, 11, 25, 14,0, 2
Los Angeles,2019-02-05, 24, 10, 29, 10,0, 2
Los Angeles,2019-02-06, 16, 9, 29, 7,0, 2
Los Angeles,2019-02-07, 14, 20, 24, 23,0, 5
Los Angeles,2019-02-08, 39, 25, 26, 23, 1, 5
Los Angeles,2019-02-09, 45, 17, 30, 14,0, 4
Los Angeles,2019-02-10, 35, 12, 30, 8,0, 2
Los Angeles,2019-02-11, 22, 18, 30, 18,0, 4
Los Angeles,2019-02-12, 25, 26, 24, 27, 1, 6
Los Angeles,2019-02-13, 33, 20, 24, 23, 1, 4
Los Angeles,2019-02-14, 33, 10, 23, 11,0, 3
Los Angeles,2019-02-15, 23, 19, 26, 14,0, 4
Los Angeles,2019-02-16, 29, 14, 30, 6,0, 2
Los Angeles,2019-02-17, 20, 14, 30, 5,0, 2
Los Angeles,2019-02-18, 19, 10, 28, 9,0, 2
Los Angeles,2019-02-19, 13, 14, 27, 17, 1, 5
Los Angeles,2019-02-20, 24, 19, 22, 20,0, 3
Los Angeles,2019-02-21, 33, 11, 27, 15,0, 3
Los Angeles,2019-02-22, 27, 18, 20, 24,0, 4
Los Angeles,2019-02-23, 31, 18, 32, 18,0, 3
Los Angeles,2019-02-24, 34, 21, 35, 18,0, 4
Los Angeles,2019-02-25, 44, 30, 28, 25,0, 6
Los Angeles,2019-02-26, 54, 36, 25, 25, 1, 6
Los Angeles,2019-02-27, 63, 28, 26, 16,0, 3
Los Angeles,2019-02-28, 52, 23, 18, 13,0, 3
Los Angeles,2019-03-01, 46, 23, 21, 13,0, 3
Los Angeles,2019-03-02, 48, 10, 19, 11,0, 2
Los Angeles,2019-03-03, 27, 8, 26, 5,0, 1
Los Angeles,2019-03-04, 21, 14, 24, 11,0, 3
Los Angeles,2019-03-05, 20, 25, 17, 23,0, 5
Los Angeles,2019-03-06, 46, 10, 21, 15,0, 2
Los Angeles,2019-03-07, 28, 12, 29, 10, 1, 2
Los Angeles,2019-03-08, 20, 14, 32, 9,0, 2
Los Angeles,2019-03-09, 20, 18, 30, 11,0, 2
Los Angeles,2019-03-10, 29, 14, 30, 11,0, 3
Los Angeles,2019-03-11, 38, 16, 28, 17,0, 4
Los Angeles,2019-03-12, 37, 27, 29, 16,0, 3
Los Angeles,2019-03-13, 40, 33, 32, 15,0, 3
Los Angeles,2019-03-14, 42, 25, 37, 24, 1, 5
Los Angeles,2019-03-15, 36, 20, 34, 26, 1, 5
Los Angeles,2019-03-16, 28, 23, 39, 25, 1, 6
Los Angeles,2019-03-17, 35, 22, 41, 17,0, 4
Los Angeles,2019-03-18, 38, 32, 41, 23, 1, 4
Los Angeles,2019-03-19, 54, 35, 33, 19, 1, 4
Los Angeles,2019-03-20, 67, 19, 31, 11,0, 2
Los Angeles,2019-03-21, 34, 18, 30, 16,0, 3
Los Angeles,2019-03-22, 32, 21, 33, 14,0, 3
Los Angeles,2019-03-23, 38, 22, 28, 12,0, 3
Los Angeles,2019-03-24, 42, 21, 37, 10,0, 3
Los Angeles,2019-03-25, 49, 30, 36, 18,0, 4
Los Angeles,2019-03-26, 55, 29, 33, 21, 1, 5
Los Angeles,2019-03-27, 52, 20, 22, 12, 1, 2
Los Angeles,2019-03-28, 43, 17, 30, 12,0, 3
Los Angeles,2019-03-29, 28, 28, 31, 18,0, 4
Los Angeles,2019-03-30, 44, 24, 42, 19,0, 4
Los Angeles,2020-01-02, 63, 32, 18, 24, 1, 7
Los Angeles,2020-01-03, 63, 31, 12, 32, 1, 8
Los Angeles,2020-01-04, 54, 38, 17, 29, 1, 9
Los Angeles,2020-01-05, 68, 29, 20, 25, 1, 8
Los Angeles,2020-01-06, 62, 26, 20, 29, 1, 7
Los Angeles,2020-01-07, 40, 25, 17, 27, 1, 5
Los Angeles,2020-01-08, 28, 28, 18, 24, 1, 6
Los Angeles,2020-01-09, 49, 26, 21, 22, 1, 5
Los Angeles,2020-01-10, 45, 27, 15, 25, 1, 7
Los Angeles,2020-01-11, 47, 28, 19, 21,0, 7
Los Angeles,2020-01-12, 55, 27, 26, 17,0, 5
Los Angeles,2020-01-13, 58, 33, 24, 21,0, 6
Los Angeles,2020-01-14, 61, 34, 22, 24,0, 7
Los Angeles,2020-01-15, 62, 43, 21, 26,0, 8
Los Angeles,2020-01-16, 81, 35, 23, 21,0, 6
Los Angeles,2020-01-17, 70, 16, 21, 19,0, 4
Los Angeles,2020-01-18, 30, 24, 21, 23,0, 5
Los Angeles,2020-01-19, 32, 23, 18, 25,0, 6
Los Angeles,2020-01-20, 32, 31, 14, 28,0, 7
Los Angeles,2020-01-21, 60, 17, 23, 17,0, 4
Los Angeles,2020-01-22, 39, 26, 18, 21,0, 5
Los Angeles,2020-01-23, 47, 29, 19, 25,0, 8
Los Angeles,2020-01-24, 48, 30, 12, 30,0, 8
Los Angeles,2020-01-25, 53, 39, 13, 29,0, 9
Los Angeles,2020-01-26, 85, 44, 21, 16,0, 4
Los Angeles,2020-01-27, 110, 38, 17, 25,0, 6
Los Angeles,2020-01-28, 70, 25, 12, 30,0, 6
Los Angeles,2020-01-29, 33, 38, 24, 25,0, 5
Los Angeles,2020-01-30, 37, 38, 19, 29,0, 7
Los Angeles,2020-01-31, 35, 35, 20, 30,0, 9
Los Angeles,2020-02-01, 40, 26, 26, 26,0, 7
Los Angeles,2020-02-02, 34, 26, 21, 19,0, 5
Los Angeles,2020-02-03, 47, 28, 30, 6,0, 2
Los Angeles,2020-02-04, 16, 33, 10, 33,0, 6
Los Angeles,2020-02-05, 31, 24, 16, 28,0, 5
Los Angeles,2020-02-06, 26, 32, 24, 25,0, 7
Los Angeles,2020-02-07, 45, 36, 27, 27,0, 7
Los Angeles,2020-02-08, 58, 39, 32, 23,0, 8
Los Angeles,2020-02-09, 70, 20, 27, 12,0, 2
Los Angeles,2020-02-10, 46, 25, 24, 23,0, 5
Los Angeles,2020-02-11, 36, 34, 27, 24,0, 4
Los Angeles,2020-02-12, 34, 39, 24, 24,0, 5
Los Angeles,2020-02-13, 45, 42, 28, 20,0, 5
Los Angeles,2020-02-14, 56, 42, 29, 25,0, 7
Los Angeles,2020-02-15, 63, 38, 29, 22,0, 6
Los Angeles,2020-02-16, 64, 35, 36, 19, 1, 6
Los Angeles,2020-02-17, 63, 38, 33, 24, 1, 7
Los Angeles,2020-02-18, 70, 41, 28, 20,0, 5
Los Angeles,2020-02-19, 71, 43, 29, 15,0, 4
Los Angeles,2020-02-20, 77, 39, 30, 26,0, 6
Los Angeles,2020-02-21, 64, 32, 31, 24,0, 5
Los Angeles,2020-02-22, 47, 16, 26, 6,0, 1
Los Angeles,2020-02-23, 32, 23, 27, 10,0, 3
Los Angeles,2020-02-24, 41, 34, 26, 17, 1, 6
Los Angeles,2020-02-25, 58, 33, 29, 24, 1, 7
Los Angeles,2020-02-26, 49, 34, 26, 26,0, 7
Los Angeles,2020-02-27, 42, 33, 23, 29,0, 7
Los Angeles,2020-02-28, 34, 26, 25, 24, 1, 5
Los Angeles,2020-02-29, 29, 24, 30, 15,0, 4
Los Angeles,2020-03-01, 45, 22, 29, 6,0, 2
Los Angeles,2020-03-02, 38, 22, 17, 15,0, 5
Los Angeles,2020-03-03, 31, 28, 25, 22, 1, 4
Los Angeles,2020-03-04, 38, 39, 24, 18, 1, 5
Los Angeles,2020-03-05, 59, 40, 31, 17,0, 5
Los Angeles,2020-03-06, 64, 37, 26, 17, 1, 5
Los Angeles,2020-03-07, 63, 13, 25, 6,0, 2
Los Angeles,2020-03-08, 25, 8, 25, 7,0, 2
Los Angeles,2020-03-09, 19, 20, 21, 13,0, 3
Los Angeles,2020-03-10, 29, 10, 13, 9,0, 2
Los Angeles,2020-03-11, 25, 14, 19, 9,0, 2
Los Angeles,2020-03-12, 27, 18, 8, 16,0, 5
Los Angeles,2020-03-13, 38, 10, 14, 14,0, 2
Los Angeles,2020-03-14, 31, 11, 23, 12,0, 2
Los Angeles,2020-03-15, 30, 10, 29, 5,0, 2
Los Angeles,2020-03-16, 22, 22, 22, 11,0, 3
Los Angeles,2020-03-17, 32, 11, 25, 13,0, 3
Los Angeles,2020-03-18, 24, 17, 28, 13,0, 3
Los Angeles,2020-03-19, 28, 14, 24, 11,0, 3
Los Angeles,2020-03-20, 24, 16, 25, 8,0, 2
Los Angeles,2020-03-21, 21, 11, 29, 6,0, 2
Los Angeles,2020-03-22, 26, 11, 26, 6,0, 2
Los Angeles,2020-03-23, 21, 9, 29, 4,0, 2
Los Angeles,2020-03-24, 15, 15, 27, 8,0, 2
Los Angeles,2020-03-25, 23, 11, 28, 4,0, 1
Los Angeles,2020-03-26, 16, 11, 28, 7,0, 1
Los Angeles,2020-03-27, 17, 18, 30, 10,0, 2
Los Angeles,2020-03-28, 27, 20, 32, 6,0, 1
Los Angeles,2020-03-29, 34, 23, 31, 6,0, 2
Los Angeles,2020-03-30, 41, 21, 30, 8,0, 2
Madrid,2019-01-02, 95, 41, 151, 47, 9,0
Madrid,2019-01-03, 85, 29, 17, 37, 7,0
Madrid,2019-01-04, 63, 40, 8, 44, 8,0
Madrid,2019-01-05, 79, 39, 6, 45, 7,0
Madrid,2019-01-06, 82, 44, 7, 53, 11,0
Madrid,2019-01-07, 102, 33, 9, 50, 9,0
Madrid,2019-01-08, 71, 39, 11, 47, 8,0
Madrid,2019-01-09, 70, 29, 10, 41, 8,0
Madrid,2019-01-10, 59, 15, 23, 29, 5,0
Madrid,2019-01-11, 40, 26, 19, 42, 6,0
Madrid,2019-01-12, 57, 28, 19, 37, 6,0
Madrid,2019-01-13, 64, 33, 12, 39, 5,0
Madrid,2019-01-14, 76, 58, 4, 68, 5,0
Madrid,2019-01-15, 122, 56, 13, 47, 5,0
Madrid,2019-01-16, 102, 44, 18, 32, 4,0
Madrid,2019-01-17, 86, 46, 12, 34, 4,0
Madrid,2019-01-18, 110, 39, 11, 25, 5,0
Madrid,2019-01-19, 83, 26, 10, 22, 4,0
Madrid,2019-01-20, 67, 17, 21, 15, 5,0
Madrid,2019-01-21, 54, 14, 17, 24, 5,0
Madrid,2019-01-22, 38, 18, 25, 35, 4,0
Madrid,2019-01-23, 49, 14, 25, 18, 4,0
Madrid,2019-01-24, 31, 15, 25, 29, 3,0
Madrid,2019-01-25, 34, 16, 19, 35, 5,0
Madrid,2019-01-26, 36, 19, 25, 33, 4,0
Madrid,2019-01-27, 46, 12, 27, 15, 3,0
Madrid,2019-01-28, 38, 13, 33, 23, 4,0
Madrid,2019-01-29, 27, 16, 29, 23, 5,0
Madrid,2019-01-30, 35, 17, 29, 22, 5,0
Madrid,2019-01-31, 33, 14, 21, 17, 4,0
Madrid,2019-02-01, 28, 12, 30, 20, 3,0
Madrid,2019-02-02, 27, 9, 32, 15, 4,0
Madrid,2019-02-03, 25, 10, 28, 17, 5,0
Madrid,2019-02-04, 28, 29, 9, 45, 4,0
Madrid,2019-02-05, 66, 44, 11, 52, 7,0
Madrid,2019-02-06, 84, 33, 11, 39, 6,0
Madrid,2019-02-07, 69, 41, 8, 46, 7,0
Madrid,2019-02-08, 83, 34, 18, 37, 7,0
Madrid,2019-02-09, 72, 29, 17, 31, 5,0
Madrid,2019-02-10, 72, 19, 20, 17, 5,0
Madrid,2019-02-11, 52, 15, 26, 27, 5,0
Madrid,2019-02-12, 32, 19, 26, 30, 7,0
Madrid,2019-02-13, 41, 31, 23, 40, 6,0
Madrid,2019-02-14, 62, 32, 21, 38, 7,0
Madrid,2019-02-15, 62, 39, 16, 45, 7,0
Madrid,2019-02-16, 75, 35, 33, 27, 5,0
Madrid,2019-02-17, 66, 22, 34, 25, 5,0
Madrid,2019-02-18, 47, 29, 21, 32, 5,0
Madrid,2019-02-19, 55, 40, 25, 36, 5,0
Madrid,2019-02-20, 65, 47, 29, 41, 4,0
Madrid,2019-02-21, 69, 51, 31, 41, 5,0
Madrid,2019-02-22, 72, 48, 28, 48, 6,0
Madrid,2019-02-23, 68, 44, 24, 45, 6,0
Madrid,2019-02-24, 67, 41, 40, 30, 5,0
Madrid,2019-02-25, 66, 41, 31, 50, 6,0
Madrid,2019-02-26, 68, 46, 32, 41, 5,0
Madrid,2019-02-27, 72, 31, 33, 44, 5,0
Madrid,2019-02-28, 52, 32, 24, 50, 6,0
Madrid,2019-03-01, 55, 32, 38, 37, 4,0
Madrid,2019-03-02, 60, 28, 36, 34, 4,0
Madrid,2019-03-03, 60, 30, 36, 30, 4,0
Madrid,2019-03-04, 55, 31, 33, 20, 4,0
Madrid,2019-03-05, 39, 23, 34, 20, 3,0
Madrid,2019-03-06, 29, 19, 31, 22, 3,0
Madrid,2019-03-07, 30, 12, 35, 24, 4,0
Madrid,2019-03-08, 23, 18, 29, 30, 4,0
Madrid,2019-03-09, 46, 20, 34, 28, 4,0
Madrid,2019-03-10, 57, 27, 27, 27, 4,0
Madrid,2019-03-11, 69, 19, 30, 26, 4,0
Madrid,2019-03-12, 57, 22, 34, 32, 4,0
Madrid,2019-03-13, 60, 26, 37, 22, 5,0
Madrid,2019-03-14, 72, 28, 32, 30, 4,0
Madrid,2019-03-15, 79, 33, 27, 45, 5,0
Madrid,2019-03-16, 77, 40, 37, 33, 4,0
Madrid,2019-03-17, 89, 36, 34, 24, 4,0
Madrid,2019-03-18, 81, 32, 35, 19, 5,0
Madrid,2019-03-19, 80, 15, 38, 21, 6,0
Madrid,2019-03-20, 48, 13, 37, 24, 5,0
Madrid,2019-03-21, 47, 14, 37, 29, 4,0
Madrid,2019-03-22, 43, 20, 40, 33, 4,0
Madrid,2019-03-23, 50, 27, 38, 22, 4,0
Madrid,2019-03-24, 68, 22, 38, 19, 4,0
Madrid,2019-03-25, 59, 20, 40, 25, 4,0
Madrid,2019-03-26, 53, 19, 41, 21, 4,0
Madrid,2019-03-27, 56, 19, 32, 33, 4,0
Madrid,2019-03-28, 51, 21, 41, 32, 4,0
Madrid,2019-03-29, 49, 25, 44, 28, 4,0
Madrid,2019-03-30, 47, 29, 47, 20, 4,0
Madrid,2020-01-02, 115, 36, 5, 35, 9,0
Madrid,2020-01-03, 91, 50, 1, 39, 8,0
Madrid,2020-01-04, 126, 15, 20, 21, 3,0
Madrid,2020-01-05, 50, 19, 12, 29, 5,0
Madrid,2020-01-06, 55, 29, 9, 34, 5,0
Madrid,2020-01-07, 80, 44, 4, 50, 7,0
Madrid,2020-01-08, 102, 51, 6, 62, 8,0
Madrid,2020-01-09, 104, 41, 9, 49, 5,0
Madrid,2020-01-10, 88, 23, 30, 28, 3,0
Madrid,2020-01-11, 67, 14, 21, 28, 3,0
Madrid,2020-01-12, 46, 35, 10, 39, 4,0
Madrid,2020-01-13, 88, 38, 11, 44, 5,0
Madrid,2020-01-14, 96, 39, 17, 39, 3,0
Madrid,2020-01-15, 95, 36, 4, 41, 3,0
Madrid,2020-01-16, 92, 41, 15, 36, 3,0
Madrid,2020-01-17, 87, 20, 26, 25, 2,0
Madrid,2020-01-18, 50, 15, 17, 27, 2,0
Madrid,2020-01-19, 57, 19, 27, 16, 3,0
Madrid,2020-01-20, 55, 13, 26, 18, 2,0
Madrid,2020-01-21, 42, 10, 24, 17, 2,0
Madrid,2020-01-22, 32, 23, 24, 24, 3,0
Madrid,2020-01-23, 51, 52, 20, 25, 3,0
Madrid,2020-01-24, 81, 37, 17, 24, 2,0
Madrid,2020-01-25, 65, 24, 18, 21, 2,0
Madrid,2020-01-26, 68, 19, 21, 21, 2,0
Madrid,2020-01-27, 62, 21, 21, 25, 2,0
Madrid,2020-01-28, 59, 14, 22, 17, 2,0
Madrid,2020-01-29, 37, 16, 21, 17, 2,0
Madrid,2020-01-30, 43, 16, 24, 20, 2,0
Madrid,2020-01-31, 46, 14, 23, 19, 2,0
Madrid,2020-02-01, 43, 13, 20, 14, 1,0
Madrid,2020-02-02, 41, 19, 11, 19, 1,0
Madrid,2020-02-03, 59, 42, 10, 26, 6,0
Madrid,2020-02-04, 81, 50, 9, 33, 9,0
Madrid,2020-02-05, 94, 14, 24, 31, 4,0
Madrid,2020-02-06, 34, 27, 15, 32, 3,0
Madrid,2020-02-07, 63, 31, 16, 30, 2,0
Madrid,2020-02-08, 71, 37, 18, 28, 2,0
Madrid,2020-02-09, 87, 26, 18, 23, 2,0
Madrid,2020-02-10, 71, 27, 13, 29, 2,0
Madrid,2020-02-11, 71, 39, 3, 27, 3,0
Madrid,2020-02-12, 99, 38, 2, 25, 2,0
Madrid,2020-02-13, 95, 28, 16, 22, 2,0
Madrid,2020-02-14, 78, 30, 9, 26, 2,0
Madrid,2020-02-15, 79, 34, 20, 26, 2,0
Madrid,2020-02-16, 80, 28, 24, 24, 2,0
Madrid,2020-02-17, 73, 21, 14, 23, 2,0
Madrid,2020-02-18, 57, 17, 19, 25, 3,0
Madrid,2020-02-19, 44, 21, 26, 29, 3,0
Madrid,2020-02-20, 43, 33, 13, 41, 4,0
Madrid,2020-02-21, 67, 30, 23, 41, 4,0
Madrid,2020-02-22, 59, 34, 23, 43, 4,0
Madrid,2020-02-23, 68, 30, 30, 34, 3,0
Madrid,2020-02-24, 56, 33, 27, 39, 3,0
Madrid,2020-02-25, 62, 31, 27, 36, 3,0
Madrid,2020-02-26, 62, 15, 30, 19, 1,0
Madrid,2020-02-27, 30, 65, 27, 22, 2,0
Madrid,2020-02-28, 72, 65, 24, 32, 3,0
Madrid,2020-02-29, 88, 47, 26, 18, 2,0
Madrid,2020-03-01, 64, 28, 27, 10, 2,0
Madrid,2020-03-02, 29, 26, 30, 13, 2,0
Madrid,2020-03-03, 25, 17, 21, 21, 1,0
Madrid,2020-03-04, 47, 14, 24, 17, 2,0
Madrid,2020-03-05, 38, 15, 33, 17, 2,0
Madrid,2020-03-06, 38, 9, 32, 17, 2,0
Madrid,2020-03-07, 23, 13, 31, 21, 2,0
Madrid,2020-03-08, 32, 16, 25, 22, 3,0
Madrid,2020-03-09, 48, 14, 30, 24, 3,0
Madrid,2020-03-10, 37, 13, 26, 17, 3,0
Madrid,2020-03-11, 36, 32, 20, 28, 3,0
Madrid,2020-03-12, 59, 36, 21, 34, 3,0
Madrid,2020-03-13, 64, 29, 31, 26, 2,0
Madrid,2020-03-14, 64, 21, 38, 13, 2,0
Madrid,2020-03-15, 60, 20, 32, 11, 2,0
Madrid,2020-03-16, 56, 10, 25, 12, 2,0
Madrid,2020-03-17, 39, 12, 30, 13, 2,0
Madrid,2020-03-18, 46, 26, 22, 17, 3,0
Madrid,2020-03-19, 59, 27, 33, 14,0,0
Madrid,2020-03-20, 57, 35, 28, 9, 1,0
Madrid,2020-03-21, 56, 16, 27, 9, 1,0
Madrid,2020-03-22, 43, 9, 29, 6, 2,0
Madrid,2020-03-23, 29, 9, 27, 13, 1,0
Madrid,2020-03-24, 33, 13, 27, 9, 1,0
Madrid,2020-03-25, 36, 17, 31, 10, 1,0
Madrid,2020-03-26, 48, 14, 35, 15, 2,0
Madrid,2020-03-27, 43, 13, 34, 10, 1,0
Madrid,2020-03-28, 46, 10, 37, 10, 2,0
Madrid,2020-03-29, 39, 13, 38, 14, 3,0
Madrid,2020-03-30, 47, 12, 28, 8, 2,0
Merced,2019-01-02, 143, 68, 44, 34, 18, 12
Merced,2019-01-03, 118, 57, 41, 49, 8, 16
Merced,2019-01-04, 93, 55, 59, 43, 6, 15
Merced,2019-01-05, 91, 67, 71, 45, 14, 12
Merced,2019-01-06, 118, 54, 63, 37, 10, 13
Merced,2019-01-07, 90, 64, 44, 43, 9, 16
Merced,2019-01-08, 103, 60, 46, 44, 6, 12
Merced,2019-01-09, 94, 53, 49, 33, 26, 11
Merced,2019-01-10, 88, 41, 49, 25, 4, 9
Merced,2019-01-11, 69, 46, 68, 35, 7, 12
Merced,2019-01-12, 78, 53, 50, 37, 17, 12
Merced,2019-01-13, 104, 32, 39, 20, 3, 9
Merced,2019-01-14, 75, 42, 28, 25, 15, 11
Merced,2019-01-15, 78, 50, 54, 31, 24, 12
Merced,2019-01-16, 95, 55, 61, 32, 18, 12
Merced,2019-01-17, 97, 52, 44, 35, 27, 12
Merced,2019-01-18, 93, 47, 36, 31, 17, 11
Merced,2019-01-19, 76, 46, 44, 36, 7, 10
Merced,2019-01-20, 68, 36, 42, 24, 19, 6
Merced,2019-01-21, 67, 48, 52, 42, 32, 10
Merced,2019-01-22, 81, 49, 47, 43, 4, 12
Merced,2019-01-23, 71, 37, 47, 37, 3, 11
Merced,2019-01-24, 50, 44, 31, 36, 4, 11
Merced,2019-01-25, 62, 37, 39, 32, 4, 11
Merced,2019-01-26, 54, 39, 36, 32, 4, 12
Merced,2019-01-27, 55, 22, 45, 20, 5, 5
Merced,2019-01-28, 45, 43, 51, 34, 5, 10
Merced,2019-01-29, 58, 41, 66, 34, 5, 10
Merced,2019-01-30, 71, 37, 42, 25, 2, 7
Merced,2019-01-31, 49, 40, 30, 39, 3, 12
Merced,2019-02-01, 61, 42, 47, 40, 3, 12
Merced,2019-02-02, 56, 56, 82, 40, 6, 12
Merced,2019-02-03, 84, 55, 80, 41, 6, 13
Merced,2019-02-04, 83, 53, 70, 41, 6, 11
Merced,2019-02-05, 86, 56, 72, 52, 7, 13
Merced,2019-02-06, 81, 61, 79,0, 7, 17
Merced,2019-02-07, 90, 61, 58,0, 7, 12
Merced,2019-02-08, 80, 47, 27,0, 4, 8
Merced,2019-02-09, 66, 43, 45,0, 12, 8
Merced,2019-02-10, 81, 42, 59,0, 19, 8
Merced,2019-02-11, 68, 49, 66,0, 5, 11
Merced,2019-02-12, 76, 57, 30,0, 6, 9
Merced,2019-02-13, 78, 43, 41,0, 19, 9
Merced,2019-02-14, 79, 47, 56, 33, 4, 12
Merced,2019-02-15, 91, 45, 68, 35, 4, 11
Merced,2019-02-16, 76, 47, 72, 29, 4, 10
Merced,2019-02-17, 68, 36, 51, 25, 3, 8
Merced,2019-02-18, 57, 41, 36, 28, 4, 9
Merced,2019-02-19, 64, 35, 31, 22, 3, 9
Merced,2019-02-20, 49, 31, 24, 19, 3, 9
Merced,2019-02-21, 48, 25, 22, 16, 3, 7
Merced,2019-02-22, 35,0,0,0,0,0
Merced,2019-02-24,0, 30, 33, 20, 2, 6
Merced,2019-02-25, 62, 36, 38, 27, 4, 8
Merced,2019-02-26, 67, 36, 37, 30, 4, 10
Merced,2019-02-27, 64, 36, 39, 31, 4, 9
Merced,2019-02-28, 51, 45, 56, 36, 5,0
Merced,2019-03-01, 71, 59, 4, 54, 6,0
Merced,2019-03-02, 84,0,0,0,0,0
Merced,2019-03-03,0, 45, 73, 27, 4,0
Merced,2019-03-04, 75, 44, 44, 32, 7,0
Merced,2019-03-05, 68, 42, 27, 31, 6,0
Merced,2019-03-06, 66, 42, 52, 29, 13, 7
Merced,2019-03-07, 72, 49, 67, 40, 6, 9
Merced,2019-03-08, 83, 48, 58, 35, 4, 9
Merced,2019-03-09, 79, 47, 88, 30, 4, 6
Merced,2019-03-10, 85, 53, 82, 27, 7, 6
Merced,2019-03-11, 92, 56, 76, 35, 10, 8
Merced,2019-03-12, 91, 51, 46, 30, 10, 6
Merced,2019-03-13, 84, 50, 73, 32, 5, 8
Merced,2019-03-14, 76, 54, 74, 31, 5, 8
Merced,2019-03-15, 87, 57, 62, 26, 14, 6
Merced,2019-03-16, 92, 46, 44, 27, 12, 6
Merced,2019-03-17, 70, 49, 73, 29, 21, 6
Merced,2019-03-18, 92, 38, 41, 21, 18, 4
Merced,2019-03-19, 68, 42, 43, 27, 15, 7
Merced,2019-03-20, 72, 45, 59, 25, 24, 6
Merced,2019-03-21, 72, 46, 53, 28, 20, 6
Merced,2019-03-22, 84, 39, 44, 28, 8, 6
Merced,2019-03-23, 61, 38, 58, 24, 3, 6
Merced,2019-03-24, 65, 40, 82, 24, 5, 5
Merced,2019-03-25, 65, 40, 45, 27, 4, 6
Merced,2019-03-26, 57, 38, 44, 26, 4, 7
Merced,2019-03-27, 46, 40, 42, 24, 9, 5
Merced,2019-03-28, 61, 41, 51, 28, 22, 6
Merced,2019-03-29, 65, 54, 65, 41, 4, 10
Merced,2019-03-30, 85, 59, 96, 37, 4, 9
Merced,2020-01-02, 50, 25, 18, 11, 2, 6
Merced,2020-01-03, 28, 27, 33, 26, 2, 9
Merced,2020-01-04, 33, 57, 40, 36, 13, 11
Merced,2020-01-05, 100, 41, 50, 38, 23, 10
Merced,2020-01-06, 74, 60, 61, 55, 32, 16
Merced,2020-01-07, 104, 54, 35, 37, 17, 13
Merced,2020-01-08, 71, 52, 49, 39, 15, 12
Merced,2020-01-09, 81, 60, 56, 48, 11, 16
Merced,2020-01-10, 90, 52, 39, 32, 4, 14
Merced,2020-01-11, 70, 49, 57, 37, 7, 13
Merced,2020-01-12, 75, 47, 47, 30, 23, 11
Merced,2020-01-13, 80, 49, 54, 34, 18, 13
Merced,2020-01-14, 75, 49, 47, 30, 9, 13
Merced,2020-01-15, 67, 52, 51, 29, 22, 11
Merced,2020-01-16, 75, 57, 48, 24, 15, 9
Merced,2020-01-17, 89, 38, 12, 24, 10, 9
Merced,2020-01-18, 55,0,0,0,0,0
Merced,2020-01-20,0, 31, 11, 25, 2, 11
Merced,2020-01-21, 48, 37, 33, 30, 11, 12
Merced,2020-01-22, 70, 47, 62, 35, 12, 15
Merced,2020-01-23, 92, 42, 22, 32, 7, 13
Merced,2020-01-24, 67, 33, 30, 26, 7, 9
Merced,2020-01-25, 54, 39, 34, 21, 4, 10
Merced,2020-01-26, 60, 35, 33, 25, 7, 14
Merced,2020-01-27, 54, 35, 25, 27, 9, 12
Merced,2020-01-28, 52, 33, 42, 31, 3, 12
Merced,2020-01-29, 46, 41, 39, 28, 14,0
Merced,2020-01-30, 48, 33, 24, 24, 3,0
Merced,2020-01-31, 42, 27, 35, 25, 2,0
Merced,2020-02-01, 35, 46, 34, 30, 24,0
Merced,2020-02-02, 72, 43, 36, 31, 25,0
Merced,2020-02-03, 79, 32, 26, 16, 10,0
Merced,2020-02-04, 39, 21, 11, 19, 3,0
Merced,2020-02-05, 28,0,0,0,0,0
Merced,2020-02-07,0,0, 23,0, 2, 11
Merced,2020-02-08,0, 41, 47,0, 4, 12
Merced,2020-02-09, 67, 33, 58,0, 4, 12
Merced,2020-02-10, 57, 43, 53,0, 5, 13
Merced,2020-02-11, 63, 53, 63,0, 6, 13
Merced,2020-02-12, 80, 40, 33,0, 4, 11
Merced,2020-02-13, 59, 43, 4,0, 5, 15
Merced,2020-02-14, 76,0,0,0,0,0
Merced,2020-02-17,0, 42, 30, 31, 8, 8
Merced,2020-02-18, 54, 48, 53, 44, 11, 11
Merced,2020-02-19, 66, 57, 59, 45, 14, 11
Merced,2020-02-20, 79, 57, 40, 32, 16, 8
Merced,2020-02-21, 84, 29, 55, 21, 5, 9
Merced,2020-02-22, 44, 15, 84, 28, 16, 8
Merced,2020-02-23, 36, 53, 87, 34, 6, 10
Merced,2020-02-24, 79, 49, 55, 30, 4, 10
Merced,2020-02-25, 64, 36, 34, 25, 4, 9
Merced,2020-02-26, 44, 48, 55, 30, 9, 9
Merced,2020-02-27, 63, 48, 48, 29, 15, 8
Merced,2020-02-28, 71, 47, 61, 33, 18, 10
Merced,2020-02-29, 65, 46, 60, 36, 17, 9
Merced,2020-03-01, 70, 51, 74, 35, 6, 10
Merced,2020-03-02, 85, 51, 23, 41, 6, 14
Merced,2020-03-03, 83, 48, 34, 22, 5, 10
Merced,2020-03-04, 51, 42, 33, 28, 4, 10
Merced,2020-03-05, 54, 58, 65, 31, 1, 12
Merced,2020-03-06, 71, 65, 36, 32, 1, 11
Merced,2020-03-07, 104, 63, 59, 32, 1, 10
Merced,2020-03-08, 113, 49, 71, 26, 1, 10
Merced,2020-03-09, 81, 46, 53, 28, 1, 10
Merced,2020-03-10, 75, 55, 73, 31, 11, 10
Merced,2020-03-11, 89, 52, 38, 36, 17, 13
Merced,2020-03-12, 92, 55, 66, 36, 4, 12
Merced,2020-03-13, 71, 48, 47, 31, 3, 13
Merced,2020-03-14, 70, 54, 65, 28, 7, 10
Merced,2020-03-15, 67, 32, 51, 21, 6, 9
Merced,2020-03-16, 57, 34, 35, 22, 15, 9
Merced,2020-03-17, 65, 37, 41, 34, 4, 13
Merced,2020-03-18, 73,0,0,0,0,0
Merced,2020-03-19,0,0, 18, 23, 4, 10
Merced,2020-03-20,0,0, 45, 27, 3, 12
Merced,2020-03-21,0,0, 52, 22, 2, 9
Merced,2020-03-22,0,0, 59, 20, 7, 9
Merced,2020-03-23,0,0, 63, 31, 5, 10
Merced,2020-03-24,0,0, 59, 36, 5, 11
Merced,2020-03-25,0,0, 87, 31, 3, 9
Merced,2020-03-26,0,0, 57, 33, 10, 12
Merced,2020-03-27,0, 50, 38, 28, 2, 11
Merced,2020-03-28, 70, 52, 71, 22, 3, 10
Merced,2020-03-29, 89, 62, 89, 20, 8, 8
Merced,2020-03-30, 92, 59, 80,0, 13, 10
Nauen,2019-01-02, 46, 7, 28, 3,0,0
Nauen,2019-01-03, 17, 6, 20, 5,0,0
Nauen,2019-01-04, 17, 12, 19, 5,0,0
Nauen,2019-01-05, 41, 8, 22, 2,0,0
Nauen,2019-01-06, 30, 9, 18, 3,0,0
Nauen,2019-01-07, 30, 10, 18, 7,0,0
Nauen,2019-01-08, 41, 6, 26, 3,0,0
Nauen,2019-01-09, 29, 3, 24, 1,0,0
Nauen,2019-01-10, 8, 3, 25, 3,0,0
Nauen,2019-01-11, 11, 11, 21, 6,0,0
Nauen,2019-01-12, 32, 11, 28, 3,0,0
Nauen,2019-01-13, 40, 4, 28, 2,0,0
Nauen,2019-01-14, 17, 4, 29, 2,0,0
Nauen,2019-01-15, 13, 8, 26, 4,0,0
Nauen,2019-01-16, 19, 12, 18, 6,0,0
Nauen,2019-01-17, 41, 10, 25, 5,0,0
Nauen,2019-01-18, 42, 6, 27, 4,0,0
Nauen,2019-01-19, 21, 20, 20, 9,0,0
Nauen,2019-01-20, 40, 33, 14, 10,0,0
Nauen,2019-01-21, 86, 32, 16, 8,0,0
Nauen,2019-01-22, 93, 38, 13, 14,0,0
Nauen,2019-01-23, 104, 50, 15, 13, 1,0
Nauen,2019-01-24, 124, 42, 20, 6, 1,0
Nauen,2019-01-25, 121, 36, 17, 7,0,0
Nauen,2019-01-26, 104, 26, 13, 10,0,0
Nauen,2019-01-27, 87, 11, 19, 5,0,0
Nauen,2019-01-28, 46, 7, 20, 7,0,0
Nauen,2019-01-29, 28, 10, 22, 7,0,0
Nauen,2019-01-30, 39, 16, 20, 10, 1,0
Nauen,2019-01-31, 53, 26, 13, 12, 1,0
Nauen,2019-02-01, 73, 42, 15, 15,0,0
Nauen,2019-02-02, 96, 47, 9, 7,0,0
Nauen,2019-02-03, 121, 39, 16, 4,0,0
Nauen,2019-02-04, 114, 19, 19, 7,0,0
Nauen,2019-02-05, 68, 15, 18, 8,0,0
Nauen,2019-02-06, 58, 19, 18, 10, 1,0
Nauen,2019-02-07, 63, 17, 19, 10, 1,0
Nauen,2019-02-08, 62, 16, 24, 6,0,0
Nauen,2019-02-09, 55, 8, 30, 4,0,0
Nauen,2019-02-10, 33, 5, 25, 4,0,0
Nauen,2019-02-11, 18, 4, 27, 3,0,0
Nauen,2019-02-12, 15, 6, 31, 4,0,0
Nauen,2019-02-13, 16, 24, 16, 8,0,0
Nauen,2019-02-14, 54, 23, 21, 10, 1,0
Nauen,2019-02-15, 75, 24, 15, 17, 1,0
Nauen,2019-02-16, 66, 20, 22, 13,0,0
Nauen,2019-02-17, 61, 28, 16, 13,0,0
Nauen,2019-02-18, 70, 32, 17, 17,0,0
Nauen,2019-02-19, 84, 26, 26, 9,0,0
Nauen,2019-02-20, 74, 17, 26, 6,0,0
Nauen,2019-02-21, 53, 23, 25, 8,0,0
Nauen,2019-02-22, 66, 15, 30, 4, 1,0
Nauen,2019-02-23, 59, 14, 21, 7,0,0
Nauen,2019-02-24, 40, 26, 25, 11, 1,0
Nauen,2019-02-25, 68, 27, 21, 12, 1,0
Nauen,2019-02-26, 73, 40, 19, 12, 1,0
Nauen,2019-02-27, 90, 42, 21, 14,0,0
Nauen,2019-02-28, 114, 44, 20, 11, 1,0
Nauen,2019-03-01, 88, 45, 25, 5,0,0
Nauen,2019-03-02, 119, 21, 28, 5,0,0
Nauen,2019-03-03, 68, 16, 25, 4,0,0
Nauen,2019-03-04, 58, 8, 35, 3,0,0
Nauen,2019-03-05, 33, 8, 30, 4,0,0
Nauen,2019-03-06, 30, 11, 26, 8,0,0
Nauen,2019-03-07, 45, 8, 31, 5,0,0
Nauen,2019-03-08, 35, 6, 33, 4,0,0
Nauen,2019-03-09, 15, 7, 34, 3,0,0
Nauen,2019-03-10, 25, 6, 35, 3,0,0
Nauen,2019-03-11, 22, 6, 30, 4,0,0
Nauen,2019-03-12, 24, 9, 32, 4,0,0
Nauen,2019-03-13, 30, 6, 33, 4,0,0
Nauen,2019-03-14, 25, 5, 31, 4,0,0
Nauen,2019-03-15, 16, 6, 34, 3,0,0
Nauen,2019-03-16, 18, 6, 35, 3,0,0
Nauen,2019-03-17, 18, 5, 33, 3,0,0
Nauen,2019-03-18, 20, 5, 32, 4,0,0
Nauen,2019-03-19, 18, 7, 32, 4,0,0
Nauen,2019-03-20, 20, 14, 34, 8,0,0
Nauen,2019-03-21, 36, 24, 23, 7,0,0
Nauen,2019-03-22, 66, 25, 19, 9,0,0
Nauen,2019-03-23, 77, 31, 22, 5,0,0
Nauen,2019-03-24, 82, 24, 33, 4,0,0
Nauen,2019-03-25, 76, 9, 33, 4,0,0
Nauen,2019-03-26, 36, 7, 33, 3,0,0
Nauen,2019-03-27, 29, 8, 30, 3,0,0
Nauen,2019-03-28, 31, 10, 23, 4,0,0
Nauen,2019-03-29, 41, 15, 26, 7,0,0
Nauen,2019-03-30, 50, 17, 34, 7,0,0
Nauen,2020-01-02, 70, 19, 8, 11,0,0
Nauen,2020-01-03, 64, 9, 17, 5,0,0
Nauen,2020-01-04, 37, 6, 29, 1,0,0
Nauen,2020-01-05, 21, 9, 20, 6,0,0
Nauen,2020-01-06, 31, 13, 20, 7,0,0
Nauen,2020-01-07, 52, 16, 10, 9,0,0
Nauen,2020-01-08, 61, 8, 16, 6,0,0
Nauen,2020-01-09, 33, 8, 9, 7,0,0
Nauen,2020-01-10, 33, 6, 14, 4,0,0
Nauen,2020-01-11, 23, 6,0, 4,0,0
Nauen,2020-01-12, 23, 10,0, 4,0,0
Nauen,2020-01-13, 42, 8,0, 7,0,0
Nauen,2020-01-14, 34, 8, 19, 6,0,0
Nauen,2020-01-15, 30, 6, 22, 5, 1,0
Nauen,2020-01-16, 21, 10, 21, 11,0,0
Nauen,2020-01-17, 32, 22, 17, 10, 1,0
Nauen,2020-01-18, 71, 9, 23, 5,0,0
Nauen,2020-01-19, 35, 14, 22, 3,0,0
Nauen,2020-01-20, 50, 13, 17, 9,0,0
Nauen,2020-01-21, 48, 12,0, 10, 1,0
Nauen,2020-01-22, 47, 15,0, 7,0,0
Nauen,2020-01-23, 51, 11, 23, 8,0,0
Nauen,2020-01-24, 42, 24, 12, 11,0,0
Nauen,2020-01-25, 76, 15,0, 8,0,0
Nauen,2020-01-26, 57, 16,0, 7,0,0
Nauen,2020-01-27, 58, 19, 15, 9,0,0
Nauen,2020-01-28, 72, 3, 28, 4,0,0
Nauen,2020-01-29, 10, 6, 26, 4,0,0
Nauen,2020-01-30, 23, 7, 26, 5,0,0
Nauen,2020-01-31, 27, 6, 26, 5,0,0
Nauen,2020-02-01, 24, 3, 24, 4,0,0
Nauen,2020-02-02, 11, 5, 28, 2,0,0
Nauen,2020-02-03, 21, 6, 25, 4,0,0
Nauen,2020-02-04, 22, 5, 28, 3,0,0
Nauen,2020-02-05, 19, 3, 24, 3,0,0
Nauen,2020-02-06, 12, 10, 24, 4,0,0
Nauen,2020-02-07, 40, 13, 23, 6,0,0
Nauen,2020-02-08, 47, 13, 21, 5, 1,0
Nauen,2020-02-09, 52, 12, 30, 4, 1,0
Nauen,2020-02-10, 41, 3, 31, 2,0,0
Nauen,2020-02-11, 10, 3, 30, 3,0,0
Nauen,2020-02-12, 12, 4, 28, 3,0,0
Nauen,2020-02-13, 15, 7, 24, 6,0,0
Nauen,2020-02-14, 27, 16, 15, 9,0,0
Nauen,2020-02-15, 59, 11, 23, 5,0,0
Nauen,2020-02-16, 43, 4, 28, 3,0,0
Nauen,2020-02-17, 16, 3, 36, 3,0,0
Nauen,2020-02-18, 10, 4, 26, 4,0,0
Nauen,2020-02-19, 15, 4, 27, 3,0,0
Nauen,2020-02-20, 15, 8, 22, 6,0,0
Nauen,2020-02-21, 31, 5, 29, 4,0,0
Nauen,2020-02-22, 18, 5, 32, 3,0,0
Nauen,2020-02-23, 16, 3, 31, 2,0,0
Nauen,2020-02-24, 10, 6, 29, 4,0,0
Nauen,2020-02-25, 20, 4, 30, 4,0,0
Nauen,2020-02-26, 14, 6, 27, 5,0,0
Nauen,2020-02-27, 26, 11, 26, 6, 1,0
Nauen,2020-02-28, 39, 9, 29, 5,0,0
Nauen,2020-02-29, 33, 11, 30, 3,0,0
Nauen,2020-03-01, 29, 2, 29, 3,0,0
Nauen,2020-03-02, 8, 7, 29, 4,0,0
Nauen,2020-03-03, 25, 6, 25, 5,0,0
Nauen,2020-03-04, 25, 14, 26, 8, 1,0
Nauen,2020-03-05, 51, 13, 30, 7, 1,0
Nauen,2020-03-06, 45, 18, 20, 10,0,0
Nauen,2020-03-07, 64, 18, 28, 4,0,0
Nauen,2020-03-08, 63, 14, 23, 5, 1,0
Nauen,2020-03-09, 54, 10, 23, 6,0,0
Nauen,2020-03-10, 42, 5, 22, 4,0,0
Nauen,2020-03-11, 21, 4, 30, 3,0,0
Nauen,2020-03-12, 16, 4, 32, 3,0,0
Nauen,2020-03-13, 12, 5, 31, 3,0,0
Nauen,2020-03-14, 16, 11, 34, 4,0,0
Nauen,2020-03-15, 33, 8, 32, 3, 1,0
Nauen,2020-03-16, 33, 17, 30, 8, 1,0
Nauen,2020-03-17, 48, 19, 30, 8,0,0
Nauen,2020-03-18, 56, 15, 32, 8, 1,0
Nauen,2020-03-19, 48, 16, 24, 6,0,0
Nauen,2020-03-20, 51, 11, 26, 3, 1,0
Nauen,2020-03-21, 37, 8, 30, 1,0,0
Nauen,2020-03-22, 18, 10, 32, 2,0,0
Nauen,2020-03-23, 20, 15, 32, 6, 1,0
Nauen,2020-03-24, 34, 26, 37, 7, 1,0
Nauen,2020-03-25, 58, 37, 39, 7, 1,0
Nauen,2020-03-26, 65, 34, 39, 5, 2,0
Nauen,2020-03-27, 74, 50, 44, 4, 3,0
Nauen,2020-03-28, 95, 47, 48, 4, 1,0
Nauen,2020-03-29, 113, 9, 32, 2,0,0
Nauen,2020-03-30, 26, 7, 27, 5,0,0
Seoul,2019-01-02, 90, 37, 15, 37, 6, 7
Seoul,2019-01-03, 82, 40, 8, 45, 5, 8
Seoul,2019-01-04, 82, 60, 4, 62, 7, 13
Seoul,2019-01-05, 135, 61, 19, 31, 5, 7
Seoul,2019-01-06, 116, 52, 11, 38, 7, 6
Seoul,2019-01-07, 86, 56, 11, 50, 8, 10
Seoul,2019-01-08, 118, 46, 22, 27, 7, 5
Seoul,2019-01-09, 76, 53, 13, 36, 8, 5
Seoul,2019-01-10, 84, 58, 5, 51, 7, 8
Seoul,2019-01-11, 112, 70, 5, 57, 8, 12
Seoul,2019-01-12, 156, 81, 12, 59, 8, 13
Seoul,2019-01-13, 166, 90, 19, 50, 7, 15
Seoul,2019-01-14, 173, 118, 5, 68, 8, 17
Seoul,2019-01-15, 204, 104, 18, 33, 7, 11
Seoul,2019-01-16, 154, 50, 20, 27, 6, 5
Seoul,2019-01-17, 72, 47, 16, 41, 7, 7
Seoul,2019-01-18, 86, 54, 9, 54, 8, 12
Seoul,2019-01-19, 113, 81, 12, 63, 8, 13
Seoul,2019-01-20, 162, 65, 24, 19, 6, 6
Seoul,2019-01-21, 105, 47, 14, 42, 7, 7
Seoul,2019-01-22, 84, 66, 14, 50, 6, 11
Seoul,2019-01-23, 116, 69, 23, 43, 7, 11
Seoul,2019-01-24, 126, 47, 13, 41, 7, 8
Seoul,2019-01-25, 82, 50, 23, 31, 6, 6
Seoul,2019-01-26, 82, 48, 22, 20, 6, 5
Seoul,2019-01-27, 78, 41, 18, 36, 6, 7
Seoul,2019-01-28, 80, 74, 22, 23, 7, 5
Seoul,2019-01-29, 86, 67, 10, 47, 7, 7
Seoul,2019-01-30, 89, 62, 9, 57, 7, 9
Seoul,2019-01-31, 114, 69, 16, 13, 6, 6
Seoul,2019-02-01, 83, 43, 15, 33, 5, 6
Seoul,2019-02-02, 71, 57, 7, 52, 6, 8
Seoul,2019-02-03, 121, 39, 21, 33, 5, 7
Seoul,2019-02-04, 107, 67, 25, 21, 5, 5
Seoul,2019-02-05, 118, 73, 21, 45, 6, 8
Seoul,2019-02-06, 100, 80, 20, 45, 7, 9
Seoul,2019-02-07, 121, 59, 25, 20, 6, 5
Seoul,2019-02-08, 103, 35, 23, 28, 5, 6
Seoul,2019-02-09, 69, 40, 22, 20, 6, 5
Seoul,2019-02-10, 70, 46, 20, 28, 6, 6
Seoul,2019-02-11, 79, 44, 26, 28, 8, 6
Seoul,2019-02-12, 88, 59, 23, 35, 8, 8
Seoul,2019-02-13, 124, 42, 24, 30, 6, 6
Seoul,2019-02-14, 82, 55, 14, 50, 8, 7
Seoul,2019-02-15, 98, 42, 16, 46, 5, 7
Seoul,2019-02-16, 103, 59, 28, 23, 6, 9
Seoul,2019-02-17, 145, 40, 27, 30, 6, 6
Seoul,2019-02-18, 92, 46, 6, 61, 6, 9
Seoul,2019-02-19, 97, 47, 11, 49, 5, 8
Seoul,2019-02-20, 117, 55, 24, 37, 5, 8
Seoul,2019-02-21, 136, 72, 16, 52, 6, 11
Seoul,2019-02-22, 162, 70, 18, 63, 7, 12
Seoul,2019-02-23, 157, 57, 27, 59, 7, 10
Seoul,2019-02-24, 127, 64, 29, 56, 7, 11
Seoul,2019-02-25, 142, 76, 29, 44, 6, 9
Seoul,2019-02-26, 152, 58, 19, 46, 7, 8
Seoul,2019-02-27, 98, 68, 22, 60, 9, 9
Seoul,2019-02-28, 141, 76, 36, 55, 8, 9
Seoul,2019-03-01, 157, 93, 46, 58, 8, 11
Seoul,2019-03-02, 177, 91, 42, 66, 8, 12
Seoul,2019-03-03, 177, 86, 41, 57, 7, 9
Seoul,2019-03-04, 169, 122, 34, 58, 9, 10
Seoul,2019-03-05, 201, 136, 32, 43, 8, 10
Seoul,2019-03-06, 210, 106, 41, 45, 8, 9
Seoul,2019-03-07, 187, 55, 34, 31, 5, 6
Seoul,2019-03-08, 121, 53, 25, 44, 6, 6
Seoul,2019-03-09, 97, 48, 15, 64, 7, 8
Seoul,2019-03-10, 107, 51, 32, 41, 6, 6
Seoul,2019-03-11, 120, 69, 21, 47, 5, 7
Seoul,2019-03-12, 139, 74, 26, 30, 5, 7
Seoul,2019-03-13, 127, 46, 32, 20, 5, 4
Seoul,2019-03-14, 48, 47, 27, 38, 5, 6
Seoul,2019-03-15, 82, 54, 28, 36, 5, 5
Seoul,2019-03-16, 115, 46, 26, 30, 4, 5
Seoul,2019-03-17, 106, 44, 34, 27, 5, 5
Seoul,2019-03-18, 90, 46, 16, 53, 6, 7
Seoul,2019-03-19, 90, 63, 22, 63, 7, 9
Seoul,2019-03-20, 128, 83, 17, 63, 5, 9
Seoul,2019-03-21, 169, 37, 33, 25, 3, 5
Seoul,2019-03-22, 96, 41, 33, 16, 4, 4
Seoul,2019-03-23, 75, 27, 30, 25, 4, 5
Seoul,2019-03-24, 64, 31, 34, 21, 5, 4
Seoul,2019-03-25, 59, 50, 33, 37, 6, 6
Seoul,2019-03-26, 104, 63, 34, 34, 5, 6
Seoul,2019-03-27, 119, 80, 52,0, 7, 7
Seoul,2019-03-28, 156, 75, 31, 34, 6, 7
Seoul,2019-03-29, 138, 45, 38, 28, 6, 5
Seoul,2019-03-30, 78, 41, 34, 22, 5, 5
Seoul,2020-01-02, 89, 60, 3, 49, 6, 11
Seoul,2020-01-03, 133, 64, 13, 47, 6, 11
Seoul,2020-01-04, 141, 58, 18, 48, 7, 13
Seoul,2020-01-05, 127, 56, 9, 54, 7, 13
Seoul,2020-01-06, 121, 43, 5, 24, 5, 9
Seoul,2020-01-07, 99, 10, 9, 20, 4, 7
Seoul,2020-01-08, 30, 28, 17, 14, 4, 8
Seoul,2020-01-09, 67, 52, 22, 23, 5, 8
Seoul,2020-01-10, 126, 61, 8, 46, 5, 11
Seoul,2020-01-11, 144, 56, 21, 43, 6, 11
Seoul,2020-01-12, 132, 48, 23, 23, 6, 7
Seoul,2020-01-13, 115, 29, 21, 25, 4, 4
Seoul,2020-01-14, 69, 33, 13, 39, 5, 8
Seoul,2020-01-15, 80, 41, 15, 37, 6, 8
Seoul,2020-01-16, 88, 45, 12, 39, 5, 8
Seoul,2020-01-17, 96, 59, 7, 56, 6, 10
Seoul,2020-01-18, 118, 61, 14, 51, 7, 10
Seoul,2020-01-19, 124, 59, 24, 46, 6, 11
Seoul,2020-01-20, 130, 56, 22, 31, 5, 8
Seoul,2020-01-21, 98, 48, 18, 48, 8, 8
Seoul,2020-01-22, 63, 51, 5, 59, 5, 9
Seoul,2020-01-23, 72, 61, 23, 49, 7, 10
Seoul,2020-01-24, 119, 65, 19, 36, 4, 10
Seoul,2020-01-25, 152, 52, 11, 43, 4, 10
Seoul,2020-01-26, 117, 30, 28, 27, 4, 7
Seoul,2020-01-27, 68, 10, 33, 11, 3, 3
Seoul,2020-01-28, 20, 12, 25, 23, 4, 4
Seoul,2020-01-29, 24, 17, 16, 32, 4, 6
Seoul,2020-01-30, 35, 20, 20, 32, 4, 7
Seoul,2020-01-31, 43, 29, 18, 31, 4, 6
Seoul,2020-02-01, 63, 63, 23, 43, 5, 11
Seoul,2020-02-02, 139, 65, 22, 35, 5, 11
Seoul,2020-02-03, 147, 30, 32, 19, 4, 5
Seoul,2020-02-04, 64, 27, 21, 30, 4, 6
Seoul,2020-02-05, 63, 27, 26, 14, 4, 4
Seoul,2020-02-06, 47, 44, 18, 35, 5, 7
Seoul,2020-02-07, 79, 41, 15, 38, 5, 7
Seoul,2020-02-08, 86, 44, 28, 18, 5, 6
Seoul,2020-02-09, 99, 40, 26, 29, 5, 7
Seoul,2020-02-10, 86, 52, 20, 50, 5, 9
Seoul,2020-02-11, 106, 59, 12, 64, 6, 11
Seoul,2020-02-12, 116, 51, 7, 61, 6, 11
Seoul,2020-02-13, 115, 65, 16, 43, 4, 10
Seoul,2020-02-14, 152, 75, 14, 53, 5, 11
Seoul,2020-02-15, 163, 64, 23, 41, 5, 10
Seoul,2020-02-16, 146, 26, 25, 16, 3, 7
Seoul,2020-02-17, 69, 30, 28, 15, 3, 5
Seoul,2020-02-18, 70, 26, 25, 24, 4, 5
Seoul,2020-02-19, 65, 37, 12, 53, 4, 8
Seoul,2020-02-20, 89, 61, 10, 57, 4, 10
Seoul,2020-02-21, 142, 62, 22, 51, 5, 8
Seoul,2020-02-22, 134, 64, 33, 20, 4, 7
Seoul,2020-02-23, 109, 27, 32, 21, 4, 4
Seoul,2020-02-24, 48, 40, 18, 50, 5, 7
Seoul,2020-02-25, 76, 22, 28, 31, 3, 5
Seoul,2020-02-26, 48, 19, 23, 28, 3, 5
Seoul,2020-02-27, 38, 15, 22, 27, 3, 4
Seoul,2020-02-28, 29, 28, 8, 45, 3, 7
Seoul,2020-02-29, 73, 27, 23, 31, 3, 6
Seoul,2020-03-01, 71, 49, 22, 34, 4, 8
Seoul,2020-03-02, 112, 43, 33, 21, 4, 6
Seoul,2020-03-03, 96, 40, 6, 43, 4, 7
Seoul,2020-03-04, 93, 44, 33, 17, 4, 6
Seoul,2020-03-05, 100, 39, 28, 21, 4, 5
Seoul,2020-03-06, 89, 45, 14, 53, 5, 6
Seoul,2020-03-07, 93, 59, 19, 55, 5, 8
Seoul,2020-03-08, 131, 61, 36, 44, 4, 8
Seoul,2020-03-09, 143, 61, 30, 53, 4, 7
Seoul,2020-03-10, 134, 41, 25, 28, 3, 6
Seoul,2020-03-11, 99, 38, 25, 18, 3, 3
Seoul,2020-03-12, 49, 38, 28, 32, 4, 4
Seoul,2020-03-13, 58, 35, 28, 16, 4, 4
Seoul,2020-03-14, 52, 41, 34, 19, 4, 4
Seoul,2020-03-15, 73, 45, 35, 15, 3, 4
Seoul,2020-03-16, 70, 27, 26, 20, 3, 4
Seoul,2020-03-17, 51, 49, 22, 36, 4, 5
Seoul,2020-03-18, 79, 58, 31, 35, 5, 6
Seoul,2020-03-19, 114, 58, 49, 19, 4, 4
Seoul,2020-03-20, 79, 46, 29, 21, 4, 4
Seoul,2020-03-21, 38, 54, 40, 26, 4, 4
Seoul,2020-03-22, 61, 39, 40, 12, 4, 3
Seoul,2020-03-23, 61, 45, 34, 31, 4, 5
Seoul,2020-03-24, 97, 58, 31, 40, 5, 6
Seoul,2020-03-25, 116, 53, 41, 46, 5, 6
Seoul,2020-03-26, 102, 54, 38, 41, 4, 6
Seoul,2020-03-27, 106, 46, 26, 18, 3, 4
Seoul,2020-03-28, 80, 37, 31, 11, 3, 3
Seoul,2020-03-29, 30, 46, 34, 21, 4, 4
Seoul,2020-03-30, 66, 56, 28, 45, 5, 5
South Brisbane,2019-01-02, 32, 16,0,0,0,0
South Brisbane,2019-01-03, 29, 13,0,0,0,0
South Brisbane,2019-01-04, 27, 13,0,0,0,0
South Brisbane,2019-01-05, 27, 18,0,0,0,0
South Brisbane,2019-01-06, 32, 21,0,0,0,0
South Brisbane,2019-01-07, 36, 20,0,0,0,0
South Brisbane,2019-01-08, 34, 19,0,0,0,0
South Brisbane,2019-01-09, 33, 20,0,0,0,0
South Brisbane,2019-01-10, 29, 20,0,0,0,0
South Brisbane,2019-01-11, 32, 19,0,0,0,0
South Brisbane,2019-01-12, 32, 18,0,0,0,0
South Brisbane,2019-01-13, 29, 15,0,0,0,0
South Brisbane,2019-01-14, 28, 18,0,0,0,0
South Brisbane,2019-01-15, 29, 23,0,0,0,0
South Brisbane,2019-01-16, 37, 17,0,0,0,0
South Brisbane,2019-01-17, 31, 17,0,0,0,0
South Brisbane,2019-01-18, 25, 17,0,0,0,0
South Brisbane,2019-01-19, 30, 15,0,0,0,0
South Brisbane,2019-01-20, 32, 16,0,0,0,0
South Brisbane,2019-01-21, 39, 13,0,0,0,0
South Brisbane,2019-01-22, 21, 16,0,0,0,0
South Brisbane,2019-01-23, 27, 18,0,0,0,0
South Brisbane,2019-01-24, 33, 16,0,0,0,0
South Brisbane,2019-01-25, 29, 15,0,0,0,0
South Brisbane,2019-01-26, 30, 11,0,0,0,0
South Brisbane,2019-01-27, 22, 12,0,0,0,0
South Brisbane,2019-01-28, 20, 15,0,0,0,0
South Brisbane,2019-01-29, 28, 12,0,0,0,0
South Brisbane,2019-01-30, 19, 17,0,0,0,0
South Brisbane,2019-01-31, 24, 18,0,0,0,0
South Brisbane,2019-02-01, 29, 19,0,0,0,0
South Brisbane,2019-02-02, 27, 24,0,0,0,0
South Brisbane,2019-02-03, 28, 17,0,0,0,0
South Brisbane,2019-02-04, 24, 15,0,0,0,0
South Brisbane,2019-02-05, 27, 21,0,0,0,0
South Brisbane,2019-02-06, 28, 15,0,0,0,0
South Brisbane,2019-02-07, 23, 17,0,0,0,0
South Brisbane,2019-02-08, 28, 23,0,0,0,0
South Brisbane,2019-02-09, 32, 18,0,0,0,0
South Brisbane,2019-02-10, 33, 14,0,0,0,0
South Brisbane,2019-02-11, 27, 27,0,0,0,0
South Brisbane,2019-02-12, 38, 26,0,0,0,0
South Brisbane,2019-02-13, 37, 21,0,0,0,0
South Brisbane,2019-02-14, 37, 29,0,0,0,0
South Brisbane,2019-02-15, 45, 30,0,0,0,0
South Brisbane,2019-02-16, 35, 23,0,0,0,0
South Brisbane,2019-02-17, 25, 14,0,0,0,0
South Brisbane,2019-02-18, 21, 15,0,0,0,0
South Brisbane,2019-02-19, 23, 18,0,0,0,0
South Brisbane,2019-02-20, 28, 19,0,0,0,0
South Brisbane,2019-02-21, 30, 16,0,0,0,0
South Brisbane,2019-02-22, 21, 21,0,0,0,0
South Brisbane,2019-02-23, 25, 16,0,0,0,0
South Brisbane,2019-02-24, 22, 13,0,0,0,0
South Brisbane,2019-02-25, 23, 14,0,0,0,0
South Brisbane,2019-02-26, 27, 14,0,0,0,0
South Brisbane,2019-02-27, 24, 19,0,0,0,0
South Brisbane,2019-02-28, 25, 18,0,0,0,0
South Brisbane,2019-03-01, 22, 16,0,0,0,0
South Brisbane,2019-03-02, 25, 14,0,0,0,0
South Brisbane,2019-03-03, 23, 11,0,0,0,0
South Brisbane,2019-03-04, 24, 21,0,0,0,0
South Brisbane,2019-03-05, 33, 26,0,0,0,0
South Brisbane,2019-03-06, 34, 19,0,0,0,0
South Brisbane,2019-03-07, 31, 17,0,0,0,0
South Brisbane,2019-03-08, 34, 19,0,0,0,0
South Brisbane,2019-03-09, 35, 18,0,0,0,0
South Brisbane,2019-03-10, 34, 10,0,0,0,0
South Brisbane,2019-03-11, 23, 10,0,0,0,0
South Brisbane,2019-03-12, 25, 27,0,0,0,0
South Brisbane,2019-03-13, 51, 39,0,0,0,0
South Brisbane,2019-03-14, 61, 35,0,0,0,0
South Brisbane,2019-03-15, 53, 20,0,0,0,0
South Brisbane,2019-03-16, 44, 11,0,0,0,0
South Brisbane,2019-03-17, 33, 8,0,0,0,0
South Brisbane,2019-03-18, 25, 11,0,0,0,0
South Brisbane,2019-03-19, 31, 14,0,0,0,0
South Brisbane,2019-03-20, 35, 18,0,0,0,0
South Brisbane,2019-03-21, 45, 19,0,0,0,0
South Brisbane,2019-03-22, 47, 15,0,0,0,0
South Brisbane,2019-03-23, 37, 14,0,0,0,0
South Brisbane,2019-03-24, 36, 18,0,0,0,0
South Brisbane,2019-03-25, 50, 16,0,0,0,0
South Brisbane,2019-03-26, 41, 14,0,0,0,0
South Brisbane,2019-03-27, 32, 18,0,0,0,0
South Brisbane,2019-03-28, 46, 14,0,0,0,0
South Brisbane,2019-03-29, 32, 15,0,0,0,0
South Brisbane,2019-03-30, 31, 8,0,0,0,0
South Brisbane,2020-01-02, 29, 12,0, 2,0,0
South Brisbane,2020-01-03, 22, 13,0, 3,0,0
South Brisbane,2020-01-04, 31, 11,0, 3,0,0
South Brisbane,2020-01-05, 27, 11,0, 2,0,0
South Brisbane,2020-01-06, 23, 13,0, 2,0, 1
South Brisbane,2020-01-07, 23, 16,0, 3,0, 1
South Brisbane,2020-01-08, 32, 23,0, 4,0, 1
South Brisbane,2020-01-09, 54, 27,0, 4,0, 1
South Brisbane,2020-01-10, 64, 26,0, 3,0, 1
South Brisbane,2020-01-11, 60, 29,0, 3,0, 1
South Brisbane,2020-01-12, 59, 21,0, 3,0, 1
South Brisbane,2020-01-13, 51, 26,0, 5,0, 1
South Brisbane,2020-01-14, 46, 18,0, 5,0, 1
South Brisbane,2020-01-15, 32, 14,0, 3,0, 1
South Brisbane,2020-01-16, 28, 18,0, 5,0, 1
South Brisbane,2020-01-17, 37, 18,0, 4,0, 1
South Brisbane,2020-01-18, 35, 9,0, 3,0, 1
South Brisbane,2020-01-19, 16, 13,0, 3,0, 1
South Brisbane,2020-01-20, 25, 20,0, 4,0, 1
South Brisbane,2020-01-21, 35, 21,0, 6,0, 1
South Brisbane,2020-01-22, 37, 18,0, 5,0, 1
South Brisbane,2020-01-23, 34, 16,0, 3,0, 1
South Brisbane,2020-01-24, 28, 17,0, 3,0, 1
South Brisbane,2020-01-25, 30, 14,0, 2,0,0
South Brisbane,2020-01-26, 25, 13,0, 1,0,0
South Brisbane,2020-01-27, 22, 14,0, 2,0,0
South Brisbane,2020-01-28, 26, 14,0, 3,0, 1
South Brisbane,2020-01-29, 22, 15,0, 3,0, 1
South Brisbane,2020-01-30, 25, 16,0, 3,0,0
South Brisbane,2020-01-31, 22, 16,0, 4,0, 1
South Brisbane,2020-02-01, 20, 14,0, 3,0,0
South Brisbane,2020-02-02, 23, 11,0, 2,0,0
South Brisbane,2020-02-03, 21, 17,0, 3,0, 1
South Brisbane,2020-02-04, 27, 17,0, 5,0, 1
South Brisbane,2020-02-05, 35, 20,0, 5,0, 1
South Brisbane,2020-02-06, 37, 9,0, 7,0, 1
South Brisbane,2020-02-07, 18, 11,0, 4,0,0
South Brisbane,2020-02-08, 22, 11,0, 2,0,0
South Brisbane,2020-02-09, 20, 10,0, 3,0,0
South Brisbane,2020-02-10, 19, 13,0, 5,0, 1
South Brisbane,2020-02-11, 22, 13,0, 6,0, 1
South Brisbane,2020-02-12, 23, 11,0, 5,0, 1
South Brisbane,2020-02-13, 18, 7,0, 5,0, 1
South Brisbane,2020-02-14, 14, 16,0, 5,0, 1
South Brisbane,2020-02-15, 23, 14,0, 3,0,0
South Brisbane,2020-02-16, 26, 13,0, 3,0,0
South Brisbane,2020-02-17, 25, 14,0, 3,0, 1
South Brisbane,2020-02-18, 22, 13,0, 4,0, 1
South Brisbane,2020-02-19, 21, 14,0, 4,0, 1
South Brisbane,2020-02-20, 22, 43,0, 7,0, 1
South Brisbane,2020-02-21, 47, 22,0, 6,0, 1
South Brisbane,2020-02-22, 27, 18,0, 3,0,0
South Brisbane,2020-02-23, 24, 13,0, 3,0,0
South Brisbane,2020-02-24, 22, 13,0, 5,0,0
South Brisbane,2020-02-25, 20, 15,0, 5,0, 1
South Brisbane,2020-02-26, 21, 14,0, 5,0, 1
South Brisbane,2020-02-27, 21, 12,0, 6,0, 1
South Brisbane,2020-02-28, 20, 16,0, 7,0, 1
South Brisbane,2020-02-29, 27, 14,0, 4,0,0
South Brisbane,2020-03-01, 24, 16,0, 3,0,0
South Brisbane,2020-03-02, 27, 15,0, 6,0,0
South Brisbane,2020-03-03, 26, 11,0, 3,0,0
South Brisbane,2020-03-04, 20, 15,0, 4,0,0
South Brisbane,2020-03-05, 24, 19,0, 4,0,0
South Brisbane,2020-03-06, 26, 19,0, 6,0, 1
South Brisbane,2020-03-07, 26, 19,0, 4,0,0
South Brisbane,2020-03-08, 22, 19,0, 2,0,0
South Brisbane,2020-03-09, 28, 13,0, 5,0, 1
South Brisbane,2020-03-10, 22, 9,0, 6,0, 1
South Brisbane,2020-03-11, 17, 18,0, 5,0,0
South Brisbane,2020-03-12, 21, 11,0, 5,0,0
South Brisbane,2020-03-13, 17, 16,0, 5,0, 1
South Brisbane,2020-03-14, 23, 19,0, 4,0,0
South Brisbane,2020-03-15, 19, 10,0, 2,0,0
South Brisbane,2020-03-16, 14, 22,0, 5,0, 2
South Brisbane,2020-03-17, 25, 22,0, 5,0, 2
South Brisbane,2020-03-18, 23, 26,0, 5,0, 2
South Brisbane,2020-03-19, 24, 17,0, 5,0, 2
South Brisbane,2020-03-20, 23, 16,0, 6,0, 2
South Brisbane,2020-03-21, 23, 19,0, 3,0, 2
South Brisbane,2020-03-22, 29, 23,0, 3,0, 1
South Brisbane,2020-03-23, 38, 27,0, 5,0, 2
South Brisbane,2020-03-24, 33, 21,0, 5,0, 1
South Brisbane,2020-03-25, 28, 15,0, 5,0, 2
South Brisbane,2020-03-26, 20, 23,0, 5,0, 2
South Brisbane,2020-03-27, 23, 15,0, 5,0, 2
South Brisbane,2020-03-28, 20, 15,0, 2,0, 1
South Brisbane,2020-03-29, 21, 9,0, 2,0, 1
South Brisbane,2020-03-30, 17, 12,0, 4,0, 2
Vancouver,2019-01-02, 34, 6, 10, 7,0,0
Vancouver,2019-01-03, 15, 8, 10, 3,0,0
Vancouver,2019-01-04, 25, 9, 14, 3,0,0
Vancouver,2019-01-05, 12, 7, 8, 8,0,0
Vancouver,2019-01-06, 11, 6, 15, 3,0,0
Vancouver,2019-01-07, 13, 9, 14, 6,0,0
Vancouver,2019-01-08, 24, 9, 7, 12,0,0
Vancouver,2019-01-09, 22, 7, 9, 8,0,0
Vancouver,2019-01-10, 28, 9, 11, 5,0,0
Vancouver,2019-01-11, 24, 13, 4, 11,0,0
Vancouver,2019-01-12, 23, 17, 2, 12,0,0
Vancouver,2019-01-13, 37, 13, 3, 8,0,0
Vancouver,2019-01-14, 39, 11, 2, 10,0,0
Vancouver,2019-01-15, 31, 7, 3, 10,0,0
Vancouver,2019-01-16, 37, 18, 1, 14,0,0
Vancouver,2019-01-17, 60, 12, 8, 11,0,0
Vancouver,2019-01-18, 30, 8, 13, 4,0,0
Vancouver,2019-01-19, 25, 8, 16, 3,0,0
Vancouver,2019-01-20,0, 8, 11, 7,0,0
Vancouver,2019-01-21, 15, 12, 5, 9,0,0
Vancouver,2019-01-22, 28, 5, 9, 6,0,0
Vancouver,2019-01-23, 17, 9, 8, 7,0,0
Vancouver,2019-01-24, 32, 10, 2, 9,0,0
Vancouver,2019-01-25, 37, 11, 1, 9,0,0
Vancouver,2019-01-26, 37, 9, 3, 8,0,0
Vancouver,2019-01-27, 33, 7, 5, 5,0,0
Vancouver,2019-01-28, 26, 8, 6, 8,0,0
Vancouver,2019-01-29, 16, 17, 2, 14,0,0
Vancouver,2019-01-30, 42, 17, 1, 13,0,0
Vancouver,2019-01-31, 48, 23, 1, 12,0,0
Vancouver,2019-02-01, 51, 9, 5, 10,0,0
Vancouver,2019-02-02, 32, 5, 16, 4,0,0
Vancouver,2019-02-03, 18, 6, 14, 3,0,0
Vancouver,2019-02-04, 9, 16, 11, 6,0,0
Vancouver,2019-02-05, 23, 23, 8, 12,0,0
Vancouver,2019-02-06, 36, 24, 8, 13,0,0
Vancouver,2019-02-07, 33, 17, 7, 13,0,0
Vancouver,2019-02-08, 29, 12, 12, 9,0,0
Vancouver,2019-02-09, 20, 9, 14, 4,0,0
Vancouver,2019-02-10, 11, 13, 13, 5,0,0
Vancouver,2019-02-11, 17, 9, 10, 10,0,0
Vancouver,2019-02-12, 26, 8, 8, 10,0,0
Vancouver,2019-02-13, 24, 10, 5, 13,0,0
Vancouver,2019-02-14, 46, 10, 6, 16,0,0
Vancouver,2019-02-15, 41, 7, 7, 12,0,0
Vancouver,2019-02-16, 27, 7, 9, 9,0,0
Vancouver,2019-02-17, 28, 8, 11, 7,0,0
Vancouver,2019-02-18, 34, 13, 7, 9,0,0
Vancouver,2019-02-19, 26, 13, 3, 12,0,0
Vancouver,2019-02-20, 51, 7, 9, 8,0,0
Vancouver,2019-02-21, 34, 11, 12, 11,0,0
Vancouver,2019-02-22, 27, 10, 10, 8,0,0
Vancouver,2019-02-23, 20, 6, 10, 6,0,0
Vancouver,2019-02-24, 20, 5, 12, 7,0,0
Vancouver,2019-02-25, 24, 7, 14, 9,0,0
Vancouver,2019-02-26, 6, 9, 16, 6,0,0
Vancouver,2019-02-27, 15, 14, 15, 10,0,0
Vancouver,2019-02-28, 17, 11, 14, 8,0,0
Vancouver,2019-03-01, 31, 11, 13, 10,0,0
Vancouver,2019-03-02, 28, 10, 14, 9,0,0
Vancouver,2019-03-03, 22, 7, 17, 5,0,0
Vancouver,2019-03-04, 17, 19, 14, 13,0,0
Vancouver,2019-03-05, 23, 17, 15, 13,0,0
Vancouver,2019-03-06, 23, 15, 12, 13,0,0
Vancouver,2019-03-07, 30, 11, 9, 10,0,0
Vancouver,2019-03-08, 46, 7, 13, 8,0,0
Vancouver,2019-03-09, 30, 8, 16, 8,0,0
Vancouver,2019-03-10, 30, 14, 7, 12,0,0
Vancouver,2019-03-11, 40, 10, 13, 8,0,0
Vancouver,2019-03-12, 21, 8, 15, 6,0,0
Vancouver,2019-03-13, 33, 13, 11, 9,0,0
Vancouver,2019-03-14, 39, 12, 10, 8,0,0
Vancouver,2019-03-15, 34, 10, 7, 8,0,0
Vancouver,2019-03-16, 32, 11, 11, 3,0,0
Vancouver,2019-03-17, 13,0,0,0,0,0
Vancouver,2019-03-18, 28, 16, 11, 11,0,0
Vancouver,2019-03-19, 26, 23, 14, 13,0,0
Vancouver,2019-03-20, 32, 21, 13, 13,0,0
Vancouver,2019-03-21, 26, 23, 16, 8,0,0
Vancouver,2019-03-22, 39, 16, 17, 4,0,0
Vancouver,2019-03-23, 31, 8, 16, 6,0,0
Vancouver,2019-03-24, 17, 9, 11, 7,0,0
Vancouver,2019-03-25, 23, 12, 11, 7,0,0
Vancouver,2019-03-26, 36, 5, 18, 3,0,0
Vancouver,2019-03-27, 17, 10, 13, 8,0,0
Vancouver,2019-03-28, 20, 10, 15, 8,0,0
Vancouver,2019-03-29, 26, 14, 11, 9,0,0
Vancouver,2019-03-30, 23, 14, 12, 9,0,0
Vancouver,2020-01-02,0, 4, 16, 3,0,0
Vancouver,2020-01-03, 11, 6, 12, 6,0,0
Vancouver,2020-01-04, 23, 8, 14, 2,0,0
Vancouver,2020-01-05, 6, 6, 16, 2,0,0
Vancouver,2020-01-06, 16, 6, 14, 4,0,0
Vancouver,2020-01-07, 12, 5, 10, 9,0,0
Vancouver,2020-01-08, 15, 4, 13, 3,0,0
Vancouver,2020-01-09, 9, 5, 15, 5,0,0
Vancouver,2020-01-10, 15, 9, 7, 10,0,0
Vancouver,2020-01-11, 12, 4, 9, 5,0,0
Vancouver,2020-01-12, 19, 6, 17, 2,0,0
Vancouver,2020-01-13, 10, 5, 13, 3,0,0
Vancouver,2020-01-14, 7, 5, 11, 6,0,0
Vancouver,2020-01-15, 9, 12, 10, 7,0,0
Vancouver,2020-01-16, 13, 6, 11, 6,0,0
Vancouver,2020-01-17, 30, 12, 11, 10,0,0
Vancouver,2020-01-18, 22, 8, 8, 10,0,0
Vancouver,2020-01-19, 15, 7, 13, 5,0,0
Vancouver,2020-01-20, 20, 7, 6, 9,0,0
Vancouver,2020-01-21, 26, 6, 5, 10,0,0
Vancouver,2020-01-22, 16, 6, 14, 3,0,0
Vancouver,2020-01-23, 14, 6, 10, 7,0,0
Vancouver,2020-01-24, 23, 7, 10, 7,0,0
Vancouver,2020-01-25, 16, 8, 12, 5,0,0
Vancouver,2020-01-26, 16, 6, 9, 6,0,0
Vancouver,2020-01-27, 17, 7, 14, 2,0,0
Vancouver,2020-01-28, 12, 7, 14, 4,0,0
Vancouver,2020-01-29, 9, 5, 10, 7,0,0
Vancouver,2020-01-30, 17, 12, 12, 5,0,0
Vancouver,2020-01-31, 19, 10, 7, 7,0,0
Vancouver,2020-02-01, 21, 6, 12, 6,0,0
Vancouver,2020-02-02, 11, 6, 16, 2,0,0
Vancouver,2020-02-03, 14, 7, 13, 5,0,0
Vancouver,2020-02-04, 25, 6, 5, 9,0,0
Vancouver,2020-02-05, 20, 6, 4, 10,0,0
Vancouver,2020-02-06, 26, 6, 5, 7,0,0
Vancouver,2020-02-07, 26, 6, 12, 7,0,0
Vancouver,2020-02-08, 23, 7, 12, 6,0,0
Vancouver,2020-02-09, 15, 7, 7, 9,0,0
Vancouver,2020-02-10,0, 11, 5, 9,0,0
Vancouver,2020-02-11,0, 14, 7, 8,0,0
Vancouver,2020-02-12,0, 10, 2, 9,0,0
Vancouver,2020-02-13,0, 8, 8, 8,0,0
Vancouver,2020-02-14,0, 9, 13, 6,0,0
Vancouver,2020-02-15,0, 6, 11, 5,0,0
Vancouver,2020-02-16,0, 6, 15, 2,0,0
Vancouver,2020-02-17,0, 6, 12, 5,0,0
Vancouver,2020-02-18,0, 8, 9, 8,0,0
Vancouver,2020-02-19,0, 12, 7, 13,0,0
Vancouver,2020-02-20,0, 12, 8, 12,0,0
Vancouver,2020-02-21,0, 16, 8, 9,0,0
Vancouver,2020-02-22,0, 7, 12, 5,0,0
Vancouver,2020-02-23,0, 6, 15, 3,0,0
Vancouver,2020-02-24,0, 7, 16, 3,0,0
Vancouver,2020-02-25, 10, 11, 11, 9,0,0
Vancouver,2020-02-26, 22, 11, 8, 9,0,0
Vancouver,2020-02-27, 42, 9, 7, 9,0,0
Vancouver,2020-02-28, 27, 6, 13, 5,0,0
Vancouver,2020-02-29, 21, 6, 15, 3,0,0
Vancouver,2020-03-01, 11, 5, 12, 5,0,0
Vancouver,2020-03-02, 10, 7, 7, 7,0,0
Vancouver,2020-03-03, 17, 6, 13, 4,0,0
Vancouver,2020-03-04, 18, 8, 16, 3,0,0
Vancouver,2020-03-05, 16, 11, 11, 7,0,0
Vancouver,2020-03-06, 16, 7, 14, 8,0,0
Vancouver,2020-03-07, 19, 7, 13, 6,0,0
Vancouver,2020-03-08, 17, 7, 13, 6,0,0
Vancouver,2020-03-09, 14, 10, 10, 9,0,0
Vancouver,2020-03-10, 24, 9, 6, 9,0,0
Vancouver,2020-03-11, 30, 8, 16, 3,0,0
Vancouver,2020-03-12, 16, 8, 16, 3,0,0
Vancouver,2020-03-13, 19, 7, 17, 4,0,0
Vancouver,2020-03-14, 12, 6, 16, 1,0,0
Vancouver,2020-03-15, 15, 10, 15, 2,0,0
Vancouver,2020-03-16, 13, 24, 12, 10,0,0
Vancouver,2020-03-17, 27, 19, 12, 10,0,0
Vancouver,2020-03-18, 31, 21, 9, 12,0,0
Vancouver,2020-03-19, 43, 18, 11, 10,0,0
Vancouver,2020-03-20, 45, 22, 10, 12,0,0
Vancouver,2020-03-21, 46, 16, 12, 7,0,0
Vancouver,2020-03-22, 39, 13, 17, 4,0,0
Vancouver,2020-03-23, 43, 6, 15, 2,0,0
Vancouver,2020-03-24, 12, 5, 11, 4,0,0
Vancouver,2020-03-25, 20, 6, 12, 6,0,0
Vancouver,2020-03-26, 18, 8, 15, 3,0,0
Vancouver,2020-03-27, 24, 10, 13, 3,0,0
Vancouver,2020-03-28, 39, 5, 13, 1,0,0
Vancouver,2020-03-29, 17, 4, 17,0,0,0
Vancouver,2020-03-30, 12, 4, 16,0,0,0
Wuhan,2019-01-02, 131, 56, 13, 37, 3, 12
Wuhan,2019-01-03, 158, 61, 15, 31, 7, 15
Wuhan,2019-01-04, 165, 72, 16, 28, 4, 14
Wuhan,2019-01-05, 182, 99, 20, 27, 4, 14
Wuhan,2019-01-06, 224, 116, 16, 34, 7, 20
Wuhan,2019-01-07, 248, 84, 19, 29, 5, 16
Wuhan,2019-01-08, 190, 70, 18, 24, 3, 15
Wuhan,2019-01-09, 172, 38, 11, 26, 3, 18
Wuhan,2019-01-10, 120, 30, 11, 23, 3, 12
Wuhan,2019-01-11, 116, 52, 8, 26, 3, 13
Wuhan,2019-01-12, 163, 81, 22, 34, 8, 20
Wuhan,2019-01-13, 188, 92, 18, 44, 7, 26
Wuhan,2019-01-14, 190, 73, 11, 30, 6, 20
Wuhan,2019-01-15, 174, 88, 21, 26, 4, 19
Wuhan,2019-01-16, 199, 77, 19, 27, 6, 15
Wuhan,2019-01-17, 121, 123, 11, 44, 7, 25
Wuhan,2019-01-18, 187, 108, 11, 45, 6, 22
Wuhan,2019-01-19, 194, 89, 11, 36, 5, 16
Wuhan,2019-01-20, 179, 105, 30, 28, 7, 18
Wuhan,2019-01-21, 216, 113, 23, 42, 11, 18
Wuhan,2019-01-22, 219, 103, 35, 45, 8, 15
Wuhan,2019-01-23, 188, 95, 42, 53, 9, 17
Wuhan,2019-01-24, 191, 93, 47, 52, 9, 17
Wuhan,2019-01-25, 174, 120, 34, 45, 8, 17
Wuhan,2019-01-26, 204, 115, 21, 31, 9, 17
Wuhan,2019-01-27, 221, 78, 20, 35, 12, 13
Wuhan,2019-01-28, 167, 92, 15, 30, 5, 12
Wuhan,2019-01-29, 205, 73, 14, 24, 5, 14
Wuhan,2019-01-30, 177, 49, 7, 20, 3, 15
Wuhan,2019-01-31, 142, 42, 26, 15, 3, 14
Wuhan,2019-02-01, 134, 64, 41, 22, 4, 13
Wuhan,2019-02-02, 169, 58, 21, 24, 6, 14
Wuhan,2019-02-03, 156, 77, 30, 18, 4, 10
Wuhan,2019-02-04, 165, 99, 24, 29, 6, 18
Wuhan,2019-02-05, 189, 96, 36, 22, 6, 14
Wuhan,2019-02-06, 193, 69, 23, 22, 6, 15
Wuhan,2019-02-07, 165, 88, 20, 9, 2, 12
Wuhan,2019-02-08, 189, 23, 24, 8, 3, 7
Wuhan,2019-02-09, 78, 32, 20, 8, 2, 7
Wuhan,2019-02-10, 117, 46, 20, 10, 3, 9
Wuhan,2019-02-11, 153, 60, 25, 19, 3, 10
Wuhan,2019-02-12, 165, 45, 14, 17, 3, 12
Wuhan,2019-02-13, 131, 49, 13, 16, 3, 11
Wuhan,2019-02-14, 149, 29, 14, 15, 3, 11
Wuhan,2019-02-15, 110, 41, 11, 17, 3, 12
Wuhan,2019-02-16, 137, 57, 17, 15, 3, 9
Wuhan,2019-02-17, 158, 68, 26, 16, 4, 8
Wuhan,2019-02-18, 165, 41, 18, 19, 3, 8
Wuhan,2019-02-19, 139, 56, 19, 21, 4, 10
Wuhan,2019-02-20, 160, 68, 17, 22, 4, 9
Wuhan,2019-02-21, 168, 65, 21, 20, 3, 10
Wuhan,2019-02-22, 173, 49, 35, 21, 4, 8
Wuhan,2019-02-23, 140, 54, 12, 31, 4, 9
Wuhan,2019-02-24, 142,0,0,0,0,0
Wuhan,2019-02-25,0, 91,0, 52, 10, 18
Wuhan,2019-02-26, 180, 99, 26, 36, 10, 16
Wuhan,2019-02-27, 195, 44, 27, 17, 3, 8
Wuhan,2019-02-28, 126, 43, 21, 24, 3, 9
Wuhan,2019-03-01, 122, 40, 16, 24, 3, 10
Wuhan,2019-03-02, 101, 44, 63, 19, 3, 9
Wuhan,2019-03-03, 148, 66, 46, 24, 4, 7
Wuhan,2019-03-04, 157, 79, 39, 32, 8, 12
Wuhan,2019-03-05, 156, 48, 28, 24, 5, 9
Wuhan,2019-03-06, 131, 57, 46, 32, 7, 10
Wuhan,2019-03-07, 133, 70, 49, 22, 7, 8
Wuhan,2019-03-08, 124, 72, 38, 30, 10, 10
Wuhan,2019-03-09, 153, 88, 50, 33, 6, 10
Wuhan,2019-03-10, 169, 99, 34, 41, 7, 10
Wuhan,2019-03-11, 171, 92, 31, 47, 5, 9
Wuhan,2019-03-12, 123, 102, 45, 47, 6, 8
Wuhan,2019-03-13, 142, 105, 33, 45, 11, 11
Wuhan,2019-03-14, 185, 68, 48, 24, 4, 8
Wuhan,2019-03-15, 149, 83, 44, 42, 4, 10
Wuhan,2019-03-16, 148, 95, 63, 41, 11, 12
Wuhan,2019-03-17, 151, 88, 42, 44, 8, 13
Wuhan,2019-03-18, 156, 70, 46, 26, 5, 10
Wuhan,2019-03-19, 155, 76, 41, 28, 10, 14
Wuhan,2019-03-20, 152, 62, 44, 23, 6, 12
Wuhan,2019-03-21, 129, 82, 29, 23, 10, 17
Wuhan,2019-03-22, 134, 45, 26, 15, 4, 9
Wuhan,2019-03-23, 99, 53, 37, 27, 6, 9
Wuhan,2019-03-24, 125, 85, 30, 34, 7, 11
Wuhan,2019-03-25, 160, 53, 39, 22, 5, 9
Wuhan,2019-03-26, 118, 102, 2, 42, 9, 15
Wuhan,2019-03-27, 158, 67, 4, 29, 5, 16
Wuhan,2019-03-28, 152, 84, 11, 37, 5, 19
Wuhan,2019-03-29, 167, 89, 39, 38, 7, 20
Wuhan,2019-03-30, 165, 105, 46, 26, 5, 13
Wuhan,2020-01-02, 136, 81, 4, 24, 4, 11
Wuhan,2020-01-03, 165, 86, 5, 25, 3, 9
Wuhan,2020-01-04, 182, 104, 3, 27, 3, 13
Wuhan,2020-01-05, 194, 82, 2, 22, 4, 14
Wuhan,2020-01-06, 165, 29, 5, 21, 3, 14
Wuhan,2020-01-07, 70, 23, 19, 20, 2, 13
Wuhan,2020-01-08, 71, 49, 21, 20, 5, 12
Wuhan,2020-01-09, 129, 22, 19, 18, 3, 8
Wuhan,2020-01-10, 71, 31, 14, 16, 2, 8
Wuhan,2020-01-11, 105, 39, 14, 19, 2, 7
Wuhan,2020-01-12, 119, 70, 15, 33, 4, 15
Wuhan,2020-01-13, 163, 58, 24, 27, 4, 11
Wuhan,2020-01-14, 145, 89, 32, 22, 5, 13
Wuhan,2020-01-15, 187, 77, 28, 22, 5, 14
Wuhan,2020-01-16, 177, 54, 18, 15, 2, 9
Wuhan,2020-01-17, 159, 46, 19, 19, 3, 8
Wuhan,2020-01-18, 142, 61, 26, 29, 5, 13
Wuhan,2020-01-19, 158, 85, 32, 27, 4, 11
Wuhan,2020-01-20, 184, 95, 25, 44, 5, 18
Wuhan,2020-01-21, 186, 79, 23, 26, 4, 13
Wuhan,2020-01-22, 176, 73, 21, 17, 3, 11
Wuhan,2020-01-23, 173, 71, 21, 12, 3, 12
Wuhan,2020-01-24, 174, 39, 28, 7, 2, 5
Wuhan,2020-01-25, 116, 46, 23, 7, 2, 7
Wuhan,2020-01-26, 131, 32, 30, 6, 3, 5
Wuhan,2020-01-27, 104, 45, 28, 6, 2, 8
Wuhan,2020-01-28, 137, 55, 33, 9, 2, 7
Wuhan,2020-01-29, 154, 54, 35, 15, 4, 7
Wuhan,2020-01-30, 154, 55, 42, 20, 4, 8
Wuhan,2020-01-31, 153, 68, 45, 22, 5, 10
Wuhan,2020-02-01, 168, 63, 40, 23, 6, 11
Wuhan,2020-02-02, 164, 61, 31, 23, 4, 9
Wuhan,2020-02-03, 160, 67, 40, 20, 6, 12
Wuhan,2020-02-04, 166, 67, 46, 26, 6, 10
Wuhan,2020-02-05, 166, 80, 39, 25, 8, 15
Wuhan,2020-02-06, 184, 47, 22, 10, 4, 12
Wuhan,2020-02-07, 122, 20, 19, 6, 2, 7
Wuhan,2020-02-08, 81, 28, 23, 10, 3, 8
Wuhan,2020-02-09, 93, 36, 34, 13, 3, 9
Wuhan,2020-02-10, 109, 45, 25, 20, 5, 10
Wuhan,2020-02-11, 141, 36, 24, 10, 4, 11
Wuhan,2020-02-12, 113, 34, 23, 15, 5, 11
Wuhan,2020-02-13, 105, 36, 21, 14, 6, 14
Wuhan,2020-02-14, 105, 39, 19, 10, 5, 14
Wuhan,2020-02-15, 101, 27, 23, 6, 2, 10
Wuhan,2020-02-16, 83, 23, 33, 7, 3, 8
Wuhan,2020-02-17, 69, 26, 36, 13, 3, 8
Wuhan,2020-02-18, 72, 29, 43, 17, 5, 10
Wuhan,2020-02-19, 89, 34, 37, 13, 7, 11
Wuhan,2020-02-20, 100, 49, 42, 20, 6, 14
Wuhan,2020-02-21, 128, 49, 33, 14, 4, 11
Wuhan,2020-02-22, 140, 53, 42, 14, 6, 13
Wuhan,2020-02-23, 144, 60, 43, 15, 8, 12
Wuhan,2020-02-24, 128, 55, 43, 12, 9, 14
Wuhan,2020-02-25, 131, 72, 43, 15, 4, 14
Wuhan,2020-02-26, 160, 57, 27, 9, 4, 16
Wuhan,2020-02-27, 147, 46, 26, 12, 5, 13
Wuhan,2020-02-28, 123, 17, 17, 9, 3, 13
Wuhan,2020-02-29, 66, 20, 36, 11, 4, 14
Wuhan,2020-03-01, 83, 39, 34, 8, 3, 12
Wuhan,2020-03-02, 111, 39, 29, 10, 5, 13
Wuhan,2020-03-03, 106, 29, 23, 10, 2, 10
Wuhan,2020-03-04, 93, 41, 43, 15, 6, 12
Wuhan,2020-03-05, 124, 55, 52, 15, 6, 9
Wuhan,2020-03-06, 155, 49, 34, 12, 9, 9
Wuhan,2020-03-07, 146, 44, 44, 14, 6, 12
Wuhan,2020-03-08, 130, 34, 31, 14, 7, 13
Wuhan,2020-03-09, 115, 49, 37, 8, 3, 9
Wuhan,2020-03-10, 146, 49, 40, 11, 3, 8
Wuhan,2020-03-11, 138, 61, 46, 20, 6, 10
Wuhan,2020-03-12, 138, 58, 30, 19, 13, 13
Wuhan,2020-03-13, 153, 74, 33, 16, 3, 10
Wuhan,2020-03-14, 157, 65, 45, 11, 4, 8
Wuhan,2020-03-15, 148, 67, 52, 19, 4, 6
Wuhan,2020-03-16, 107, 68, 41, 22, 8, 11
Wuhan,2020-03-17, 142, 64, 59, 25, 6, 9
Wuhan,2020-03-18, 142, 62, 49, 16, 6, 8
Wuhan,2020-03-19, 136, 57, 57, 19, 5, 8
Wuhan,2020-03-20, 113, 76, 62, 18, 10, 8
Wuhan,2020-03-21, 111, 62, 36, 19, 8, 14
Wuhan,2020-03-22, 139, 70, 46, 9, 4, 11
Wuhan,2020-03-23, 145, 64, 66, 17, 8, 14
Wuhan,2020-03-24, 147, 54, 39, 13, 8, 11
Wuhan,2020-03-25, 127, 42, 25, 12, 6, 11
Wuhan,2020-03-26, 111, 52, 36, 13, 6, 13
Wuhan,2020-03-27, 99, 21, 26, 6, 3, 6
Wuhan,2020-03-28, 59, 19, 35, 9, 5, 8
Wuhan,2020-03-29, 62, 18, 29, 10, 4, 8
Wuhan,2020-03-30, 62, 24, 30, 8, 3, 7
